College_ID,IQ level,Prev_Sem_Result,CGPA,Academic_Performance,Internship_Experience,Extra_Curricular_Score,Communication_Skills,Projects_Completed,Placement
CLG0030,107,6.61,6.28,8,No,8,8,4,No
CLG0061,97,5.52,5.37,8,No,7,8,0,No
CLG0036,109,5.36,5.83,9,No,3,1,1,No
CLG0055,122,5.47,5.75,6,Yes,1,6,1,No
CLG0004,96,7.91,7.69,7,No,8,10,2,No
CLG0015,96,5.26,5.32,7,No,5,8,0,No
CLG0071,123,6.68,6.58,5,No,7,8,2,Yes
CLG0096,111,8.77,8.76,7,No,3,1,2,Yes
CLG0097,92,6.47,6.33,9,No,7,8,5,No
CLG0057,108,8.82,8.6,4,No,5,9,1,No
CLG0063,93,8.73,8.9,2,Yes,5,6,0,No
CLG0077,93,6.23,6.51,8,No,5,7,4,No
CLG0064,103,8.64,9.01,7,Yes,8,6,1,No
CLG0017,71,8.74,8.4,6,No,0,5,2,No
CLG0053,74,6.99,7.31,7,No,0,1,2,No
CLG0040,91,6.05,5.8,3,No,4,2,3,No
CLG0070,84,7.61,7.54,6,No,0,10,0,No
CLG0050,104,9.61,10.01,10,Yes,9,2,4,No
CLG0068,86,8.2,8.15,7,No,8,9,4,Yes
CLG0015,78,5.86,5.56,7,Yes,3,6,2,No
CLG0072,121,8.41,8.07,5,Yes,1,3,3,Yes
CLG0034,96,7.14,7.11,3,Yes,2,3,3,No
CLG0030,101,7.96,8.22,2,Yes,8,10,0,No
CLG0087,78,8.67,9.17,7,Yes,10,10,2,Yes
CLG0073,91,7.57,7.86,4,Yes,7,2,2,No
CLG0024,101,9.07,9.45,2,No,2,7,2,No
CLG0008,82,8.61,8.86,8,No,7,1,0,No
CLG0057,105,8.08,8.48,2,No,3,1,4,No
CLG0070,90,5.75,5.33,6,Yes,5,10,1,No
CLG0025,95,9.18,9.61,4,Yes,3,3,3,No
CLG0077,90,9.68,9.58,9,Yes,10,1,4,No
CLG0034,127,5.68,6.1,5,No,4,3,1,No
CLG0025,99,7.44,7.02,4,No,9,9,4,No
CLG0018,84,6.29,6.51,8,No,8,7,4,No
CLG0073,112,8.77,9.01,3,Yes,1,9,4,Yes
CLG0097,81,8.61,9.11,9,Yes,8,7,4,No
CLG0070,103,5.7,5.97,8,Yes,2,9,2,No
CLG0014,70,9.39,9.27,8,No,4,3,4,No
CLG0006,80,5.9,5.96,10,Yes,6,7,1,No
CLG0082,102,8.99,8.86,5,No,1,6,1,No
CLG0090,111,7.28,6.98,1,No,3,2,3,No
CLG0036,102,6.64,6.39,10,No,0,6,5,No
CLG0036,98,5.79,5.51,9,No,10,3,0,No
CLG0075,95,5.84,5.89,2,Yes,2,2,1,No
CLG0018,77,8.31,8.72,1,Yes,5,5,1,No
CLG0015,89,7.75,8.16,6,Yes,1,5,1,No
CLG0094,93,5.61,5.16,1,Yes,7,2,1,No
CLG0089,115,5.56,5.14,10,Yes,6,3,0,No
CLG0016,105,5.36,5.11,10,No,2,8,0,No
CLG0076,73,8.72,8.48,10,Yes,0,5,5,No
CLG0014,104,8.56,8.15,7,No,9,8,4,Yes
CLG0047,94,5.29,5.18,7,Yes,3,10,5,No
CLG0054,89,7.8,7.89,1,Yes,3,4,1,No
CLG0058,109,5.42,5.5,10,No,10,4,1,No
CLG0077,115,9.52,9.56,5,No,4,6,3,Yes
CLG0030,113,9.54,9.38,3,No,2,10,3,Yes
CLG0100,87,8.49,8.7,2,No,10,5,3,No
CLG0046,95,9.63,9.96,5,No,1,5,3,No
CLG0016,104,9.06,8.91,5,No,1,9,4,Yes
CLG0001,114,9.14,8.73,2,Yes,7,6,2,Yes
CLG0041,92,7.85,7.65,6,No,6,3,3,No
CLG0093,97,6.53,6.17,7,No,0,4,3,No
CLG0027,83,6.09,6.06,1,No,8,9,0,No
CLG0077,82,6.64,6.3,3,No,2,6,5,No
CLG0062,112,8.14,8.1,4,No,2,8,1,Yes
CLG0081,120,5.86,5.58,2,No,0,7,4,No
CLG0028,98,6.29,6.53,10,Yes,10,1,1,No
CLG0020,115,7.34,6.87,5,Yes,3,1,2,No
CLG0055,105,6.17,6.22,4,No,9,10,4,No
CLG0051,90,7.94,7.61,2,No,10,7,2,No
CLG0069,105,9.62,9.12,1,Yes,1,2,1,No
CLG0088,123,8.74,9.11,8,No,2,9,0,Yes
CLG0073,99,8.33,8.5,2,No,10,10,3,Yes
CLG0097,123,7.91,7.51,4,No,0,9,1,No
CLG0034,60,7.44,7.6,10,Yes,2,2,4,No
CLG0027,112,5.93,6.04,5,No,3,9,3,Yes
CLG0097,101,9.47,9.44,2,No,5,9,4,Yes
CLG0038,95,6.24,6.16,10,No,2,10,2,No
CLG0029,101,5.46,5.85,9,Yes,10,6,4,No
CLG0035,70,8.75,8.5,2,No,5,5,0,No
CLG0020,96,5.88,5.78,6,No,1,10,2,No
CLG0019,105,6.86,6.69,7,No,10,2,5,No
CLG0005,122,5.14,5.41,6,No,7,6,5,No
CLG0025,92,5.69,6.11,4,No,4,9,1,No
CLG0093,87,5.87,6.22,1,No,0,3,3,No
CLG0026,92,5.27,5.57,2,No,5,3,3,No
CLG0051,113,8.28,8.77,10,No,2,4,0,No
CLG0066,104,9.19,9.39,10,Yes,3,10,4,Yes
CLG0061,92,6.87,7.12,6,No,9,4,1,No
CLG0015,107,9.37,9.85,8,Yes,7,1,5,No
CLG0045,101,6.07,5.58,3,Yes,7,2,4,No
CLG0006,114,6.63,6.76,7,No,10,6,5,No
CLG0058,89,5.75,5.99,9,No,7,5,4,No
CLG0001,95,8.1,8.52,4,Yes,4,10,0,No
CLG0073,94,7.1,7.48,7,No,0,4,5,No
CLG0043,78,8.07,8.41,7,No,8,10,2,Yes
CLG0016,104,8.81,9.26,10,No,10,9,5,Yes
CLG0014,103,7.73,7.77,9,Yes,8,2,2,No
CLG0074,100,8.14,7.65,3,No,7,8,0,No
CLG0019,96,9.68,9.19,1,Yes,10,4,0,No
CLG0051,78,6.5,6.54,8,Yes,2,9,0,No
CLG0008,93,6.8,6.74,4,No,5,4,4,No
CLG0048,94,8.59,8.54,2,No,6,2,5,No
CLG0012,87,8.06,7.96,5,No,3,6,5,No
CLG0070,97,5.89,6.31,4,No,9,9,4,No
CLG0035,106,6.88,6.74,1,Yes,6,7,1,No
CLG0070,128,7.34,7.7,7,No,8,1,0,No
CLG0006,102,7.1,7.5,4,No,5,9,4,No
CLG0099,103,5.89,5.89,8,Yes,1,6,2,No
CLG0011,98,9.62,9.57,9,No,5,9,5,Yes
CLG0038,71,8.81,9.07,8,Yes,2,2,5,No
CLG0091,99,7.41,7.62,1,No,6,7,0,No
CLG0026,100,8.4,8.23,8,Yes,2,8,2,Yes
CLG0028,136,9.49,9.09,5,No,7,8,3,Yes
CLG0072,97,5.68,5.44,1,Yes,10,5,1,No
CLG0089,104,6.25,5.88,9,Yes,10,7,3,No
CLG0083,99,7.71,7.5,9,No,4,7,1,No
CLG0080,82,9,8.76,7,No,2,3,0,No
CLG0050,117,5.18,5.32,7,No,0,2,5,No
CLG0058,111,9.92,10.37,1,No,4,5,1,No
CLG0026,111,7.27,7.46,9,No,9,4,4,No
CLG0044,86,6.8,7.23,1,Yes,9,8,2,No
CLG0015,121,6.46,6.74,7,No,10,5,5,No
CLG0076,78,5.87,6.1,9,No,2,9,4,No
CLG0024,108,8.96,8.87,9,No,3,7,0,No
CLG0077,132,9.78,9.6,5,No,9,1,3,Yes
CLG0059,85,7.07,7.42,6,No,3,2,2,No
CLG0057,91,9.76,10.17,2,No,2,8,0,No
CLG0017,101,9.12,9.07,2,No,5,10,4,Yes
CLG0077,92,7.41,6.92,10,No,5,8,4,No
CLG0081,76,8.37,8.66,9,No,0,2,1,No
CLG0001,101,7.17,6.96,1,No,3,7,1,No
CLG0011,84,7.79,7.3,10,Yes,0,8,3,No
CLG0020,107,5.29,5.59,5,Yes,6,4,1,No
CLG0031,86,8.48,8.5,7,No,6,3,1,No
CLG0099,123,5.26,5.45,10,Yes,5,10,1,No
CLG0039,88,9.09,9.5,6,No,10,9,3,Yes
CLG0063,95,9.12,9.16,6,No,1,2,0,No
CLG0006,112,6.19,6.19,6,No,3,3,5,No
CLG0099,81,6.62,6.41,8,No,2,8,2,No
CLG0028,103,7.41,7.22,7,Yes,10,2,0,No
CLG0051,119,7.98,8.28,5,No,7,5,5,Yes
CLG0053,75,6.44,6.39,10,No,1,10,5,No
CLG0044,102,7.96,7.62,2,Yes,9,8,0,No
CLG0065,103,6.49,6.08,10,No,1,7,0,No
CLG0080,111,5.28,5.25,6,Yes,0,4,4,No
CLG0012,81,5.01,4.97,10,No,8,10,2,No
CLG0028,80,5.51,5.66,5,No,2,9,2,No
CLG0079,107,8.96,8.93,4,Yes,7,2,4,No
CLG0072,104,9.81,9.45,10,No,6,7,5,No
CLG0068,103,7.13,7.14,5,No,0,7,4,No
CLG0095,105,7.56,7.97,9,No,10,7,5,No
CLG0030,89,5.73,5.39,2,Yes,5,7,1,No
CLG0035,103,7.76,7.95,6,No,7,5,4,No
CLG0006,104,5.72,5.81,9,No,5,1,3,No
CLG0085,89,8.06,8.31,10,No,8,4,4,No
CLG0030,127,9.67,9.32,5,Yes,9,5,1,No
CLG0080,107,5.98,6.42,6,No,2,10,4,No
CLG0063,82,8.82,8.94,10,No,5,4,3,No
CLG0008,109,5.12,5.47,4,Yes,9,7,4,No
CLG0091,85,6.88,6.63,5,No,3,2,5,No
CLG0033,111,5.55,5.79,8,No,9,2,0,No
CLG0043,117,6.76,7.04,1,Yes,2,2,2,No
CLG0076,87,5.87,5.77,1,Yes,7,10,3,No
CLG0043,114,6.87,6.75,10,Yes,6,3,3,No
CLG0045,106,7.09,7.25,4,Yes,6,5,3,No
CLG0087,112,6.5,6.09,10,Yes,4,10,5,Yes
CLG0054,128,8.28,8.52,3,Yes,0,9,0,Yes
CLG0065,96,9.59,9.13,5,Yes,5,3,0,No
CLG0007,88,7,6.69,10,Yes,5,6,2,No
CLG0036,86,5.96,6.12,8,Yes,2,6,1,No
CLG0025,87,6.35,5.95,1,No,4,6,2,No
CLG0085,98,9.27,9.74,5,No,8,5,3,No
CLG0037,105,7.86,8.23,5,No,6,2,3,No
CLG0012,104,7.28,7.41,2,Yes,7,1,3,No
CLG0032,112,5.75,6.07,5,Yes,8,5,2,No
CLG0049,100,7.25,7.64,8,Yes,5,8,1,No
CLG0038,121,6.39,6.15,10,Yes,4,10,1,No
CLG0056,96,9.72,10.07,7,No,9,5,2,No
CLG0080,140,9.42,9.11,2,No,4,3,5,Yes
CLG0065,109,5.42,5.33,6,Yes,4,3,3,No
CLG0026,87,7.58,7.64,10,No,3,2,2,No
CLG0057,83,6.13,6.34,1,No,1,7,2,No
CLG0014,107,7.05,6.58,10,No,6,2,4,No
CLG0056,96,9.38,9.17,10,Yes,6,6,4,No
CLG0070,110,7.64,7.75,3,Yes,7,8,0,No
CLG0041,107,6.67,6.53,6,No,7,8,0,No
CLG0051,98,6.04,6.32,9,Yes,10,2,2,No
CLG0084,87,9,9.15,1,No,7,6,4,No
CLG0067,77,8.12,7.85,6,Yes,8,3,3,No
CLG0012,93,7.34,6.99,2,Yes,5,9,0,No
CLG0097,112,6.09,6.22,9,Yes,3,3,3,No
CLG0049,103,6.67,6.62,2,Yes,1,1,3,No
CLG0001,81,9.8,9.47,3,No,4,9,0,No
CLG0019,102,7.6,7.43,2,Yes,5,8,5,No
CLG0066,105,7,6.8,4,Yes,6,2,2,No
CLG0058,86,7.61,7.22,4,No,5,10,4,No
CLG0087,102,8.89,8.94,10,Yes,3,10,0,No
CLG0072,100,6.7,6.96,1,Yes,3,3,1,No
CLG0098,82,5.89,5.97,8,Yes,6,7,1,No
CLG0004,105,7.92,8.25,5,Yes,0,6,3,No
CLG0008,108,8.33,7.96,8,No,2,8,1,No
CLG0027,116,8.56,8.5,6,Yes,9,10,3,Yes
CLG0026,115,9.41,9.52,2,No,1,5,5,Yes
CLG0097,79,6.86,7.04,7,No,1,5,5,No
CLG0043,85,5.38,5.58,10,No,6,2,5,No
CLG0040,107,9.79,10.02,9,No,4,6,5,No
CLG0050,107,7.18,7.33,7,Yes,2,5,5,No
CLG0067,107,8.12,7.71,5,No,8,9,4,No
CLG0073,157,8.33,8.53,4,No,8,3,0,No
CLG0074,108,7.73,7.95,8,No,2,5,0,No
CLG0029,117,6.03,6.52,6,No,1,3,4,No
CLG0085,114,8.78,8.97,5,Yes,2,9,3,Yes
CLG0042,109,9.02,9.21,7,Yes,8,9,5,Yes
CLG0018,95,7.76,7.77,3,Yes,7,10,2,No
CLG0081,111,7.44,7.81,9,No,2,7,1,No
CLG0021,88,5.57,6.07,4,No,3,1,5,No
CLG0067,96,5.42,5.7,4,No,4,9,4,No
CLG0062,92,6.7,6.81,8,No,3,9,1,No
CLG0027,101,6.55,6.13,6,Yes,10,10,2,No
CLG0096,134,9.77,10,1,Yes,1,5,3,Yes
CLG0093,71,8.92,9.13,2,No,10,2,5,No
CLG0047,110,8.3,8.58,9,No,8,1,1,No
CLG0093,75,7.59,7.21,6,No,1,2,3,No
CLG0026,92,5.84,5.99,7,Yes,4,4,5,No
CLG0009,116,9.89,9.69,9,No,10,4,2,Yes
CLG0091,100,6.88,7.14,3,Yes,8,1,3,No
CLG0012,83,5.53,5.27,5,Yes,7,8,2,No
CLG0016,89,7.47,7.65,5,Yes,0,10,0,No
CLG0047,110,9.37,9.16,10,No,2,8,1,No
CLG0056,89,9.44,8.95,7,Yes,9,8,1,No
CLG0066,103,5.05,5.18,2,Yes,8,5,2,No
CLG0051,100,9.43,9.04,4,No,2,10,2,Yes
CLG0027,90,6.36,6.52,4,No,10,2,4,No
CLG0073,132,5.19,5.62,8,Yes,3,4,2,No
CLG0066,109,9.24,9.71,10,Yes,2,1,2,No
CLG0062,69,9.32,9.06,3,No,6,10,3,Yes
CLG0071,102,7.98,8.29,2,No,8,1,3,No
CLG0008,90,7.87,7.72,9,No,3,10,1,No
CLG0038,112,9.07,9.47,4,No,8,3,3,Yes
CLG0006,88,8.93,9.22,9,Yes,1,4,3,No
CLG0059,98,9.45,9.02,6,No,1,3,1,No
CLG0019,107,7.76,7.67,1,No,8,3,5,No
CLG0079,112,9.84,9.68,3,No,6,8,0,Yes
CLG0056,81,9.98,10.27,7,No,4,4,4,No
CLG0028,94,5.58,5.49,9,Yes,4,3,3,No
CLG0094,92,9.25,9.43,8,Yes,8,9,0,No
CLG0091,90,7.5,7.6,5,Yes,10,1,4,No
CLG0010,126,6.94,7.42,8,Yes,3,8,1,No
CLG0045,106,8.07,8.51,2,No,10,5,3,No
CLG0095,81,5.28,5.21,3,No,0,8,5,No
CLG0065,113,7.53,7.75,8,No,5,10,3,Yes
CLG0050,131,9.35,9.68,9,Yes,2,3,2,Yes
CLG0032,115,6.07,6.47,10,No,1,6,3,No
CLG0061,77,7.13,6.7,8,Yes,3,7,3,No
CLG0016,92,9.7,9.5,4,Yes,8,8,0,No
CLG0006,119,7.14,6.96,6,No,7,7,0,No
CLG0066,89,6.79,6.72,5,Yes,6,7,3,No
CLG0062,106,7.2,6.87,4,No,1,2,5,No
CLG0066,111,7.6,7.6,9,Yes,0,3,4,No
CLG0067,86,8.16,8.32,10,No,6,6,1,No
CLG0019,99,9,9,3,No,9,3,5,No
CLG0004,51,7.26,7.43,1,No,4,9,0,No
CLG0043,84,9.09,8.66,7,No,10,9,5,Yes
CLG0018,96,7.67,8.05,10,Yes,7,6,5,No
CLG0082,81,6.69,7.13,8,Yes,4,1,4,No
CLG0046,124,8.29,8.41,3,No,9,1,5,Yes
CLG0046,78,8.59,8.97,3,No,4,4,3,No
CLG0085,93,7.79,7.42,6,No,7,10,2,No
CLG0021,101,5.28,5.58,2,No,8,8,0,No
CLG0030,121,5.85,5.47,6,No,1,3,5,No
CLG0064,78,6.43,6.34,5,No,7,4,0,No
CLG0041,117,6.41,6.23,7,No,6,6,2,No
CLG0017,100,8.37,8.46,9,No,7,9,3,Yes
CLG0005,85,5.09,4.89,9,No,2,4,0,No
CLG0005,106,8.78,8.92,1,No,3,3,3,No
CLG0073,102,6.33,6.2,7,No,6,10,4,No
CLG0075,90,6.55,6.91,3,No,4,10,0,No
CLG0048,101,7.64,7.77,4,Yes,6,9,3,No
CLG0078,94,6.08,5.8,2,Yes,5,7,4,No
CLG0038,101,9.42,9.26,1,No,3,9,5,Yes
CLG0006,109,5.43,5.78,10,Yes,1,10,0,No
CLG0058,123,7.22,7.11,3,Yes,5,6,1,No
CLG0014,81,9.25,9.29,10,No,5,4,3,No
CLG0072,131,8.08,8.23,9,No,5,5,4,Yes
CLG0094,70,6.46,6.31,1,Yes,0,10,5,No
CLG0059,97,7.1,6.89,3,No,5,2,1,No
CLG0065,108,8.53,8.51,5,Yes,1,3,3,No
CLG0089,104,9.87,9.58,3,No,9,5,0,No
CLG0013,90,9.47,9.25,4,No,4,3,5,No
CLG0027,96,6.71,6.27,4,No,6,3,3,No
CLG0025,92,9.99,9.79,1,Yes,9,9,4,Yes
CLG0056,91,5.02,4.84,6,Yes,0,4,0,No
CLG0068,112,5.14,5.6,7,Yes,4,4,0,No
CLG0059,105,9.12,9.21,7,Yes,8,1,5,No
CLG0095,89,6,6.29,6,No,2,7,0,No
CLG0049,113,5.3,4.85,7,No,1,10,2,Yes
CLG0018,104,6.19,5.8,3,Yes,9,9,4,No
CLG0081,112,7.13,7.44,5,Yes,1,8,1,No
CLG0075,109,8.65,8.77,7,Yes,2,2,0,No
CLG0076,87,8.12,7.81,10,No,0,6,4,No
CLG0003,91,6.19,6.09,5,Yes,1,10,2,No
CLG0079,111,7.52,7.56,10,Yes,5,10,2,Yes
CLG0057,109,9.63,9.97,2,Yes,7,5,5,No
CLG0006,99,9.08,8.64,6,No,3,8,0,No
CLG0069,101,6.62,6.72,7,Yes,1,1,4,No
CLG0031,119,9.91,10.13,2,No,4,9,2,Yes
CLG0008,91,8.54,9.02,10,No,2,9,0,No
CLG0010,108,5.31,5.62,8,Yes,4,7,5,No
CLG0003,96,5.18,4.96,5,Yes,2,8,3,No
CLG0012,96,5.84,6.05,8,No,10,9,3,No
CLG0092,116,8.64,8.9,3,No,3,5,3,Yes
CLG0076,112,5.92,6.15,2,Yes,4,2,1,No
CLG0094,112,7.56,7.88,7,Yes,6,1,4,No
CLG0019,119,5.47,5.87,5,Yes,1,5,5,No
CLG0021,100,9.6,9.2,5,No,5,8,3,Yes
CLG0081,110,6.72,6.32,8,No,5,10,2,No
CLG0014,95,9.54,9.84,9,No,5,4,1,No
CLG0075,104,9.72,9.47,8,Yes,6,4,3,No
CLG0029,98,5.03,4.59,10,No,10,4,0,No
CLG0007,101,7.32,7.22,2,No,2,8,2,No
CLG0049,108,5.12,5.44,10,Yes,4,7,1,No
CLG0065,87,9.54,9.17,7,No,8,1,1,No
CLG0007,131,7.59,7.76,5,No,8,10,2,Yes
CLG0014,84,5.37,4.87,7,Yes,6,6,3,No
CLG0016,81,5.55,5.16,3,Yes,8,4,5,No
CLG0099,117,6.92,6.77,4,Yes,2,2,5,No
CLG0016,111,9.7,9.28,7,No,6,3,0,No
CLG0085,109,8.46,8.81,2,No,0,4,0,No
CLG0013,109,9.34,9.7,2,No,6,10,5,Yes
CLG0082,99,6.83,7.09,1,Yes,2,7,5,No
CLG0029,86,5.22,4.96,1,No,2,1,0,No
CLG0085,101,9.87,9.89,1,Yes,6,1,1,No
CLG0073,89,5.09,4.77,6,Yes,7,3,3,No
CLG0095,114,9.74,9.52,5,Yes,3,2,5,Yes
CLG0061,97,6.84,6.86,10,Yes,0,3,5,No
CLG0037,87,5.05,5.29,8,No,4,3,2,No
CLG0017,95,8.45,8.04,5,Yes,9,1,4,No
CLG0031,106,9.9,9.7,1,Yes,3,6,0,No
CLG0059,91,9.83,10.26,8,No,8,8,2,Yes
CLG0088,87,5.8,5.73,6,No,2,5,5,No
CLG0047,103,5.91,6.35,8,Yes,3,1,5,No
CLG0006,103,7.83,8.32,2,Yes,9,10,2,Yes
CLG0032,92,8.19,8.22,10,Yes,2,7,5,No
CLG0031,92,8.7,8.49,8,No,2,10,0,No
CLG0018,103,5.91,6.2,6,No,6,9,4,No
CLG0009,78,9.8,9.46,1,No,4,7,1,No
CLG0003,78,8.19,7.94,1,Yes,4,9,1,No
CLG0071,89,9.24,9.52,10,No,3,10,3,Yes
CLG0026,96,7.7,7.63,5,No,9,9,5,No
CLG0013,104,7.07,6.77,7,Yes,7,2,1,No
CLG0034,122,9.89,10.04,4,No,0,8,2,Yes
CLG0043,112,7.91,8.14,10,No,10,7,1,No
CLG0093,97,9.33,8.96,5,No,8,7,3,No
CLG0033,99,9.77,9.55,10,No,10,2,2,No
CLG0069,84,8.38,8.1,3,No,8,1,2,No
CLG0036,99,7.74,7.62,2,No,10,4,4,No
CLG0079,95,5.02,5.28,2,No,4,7,5,No
CLG0074,104,5.2,5.41,5,No,0,6,0,No
CLG0068,87,6,6.16,4,Yes,1,10,0,No
CLG0047,107,5.93,5.44,2,No,1,2,0,No
CLG0061,122,6.27,5.91,5,Yes,5,7,3,No
CLG0045,98,6.52,6.24,10,Yes,9,10,1,No
CLG0096,106,6.8,6.57,9,No,8,9,0,No
CLG0088,110,7.1,6.75,8,No,2,2,1,No
CLG0084,93,5.49,5.4,9,No,7,10,0,No
CLG0048,103,5.21,4.79,9,No,1,5,4,No
CLG0041,100,8.37,8.62,8,No,4,2,1,No
CLG0038,101,7.69,7.98,9,No,3,1,3,No
CLG0068,88,7.22,7.29,4,No,4,7,5,No
CLG0075,100,8.17,7.76,8,Yes,3,2,5,No
CLG0011,107,9.14,9.53,2,No,0,6,3,No
CLG0016,121,7.14,7.61,9,No,0,7,1,No
CLG0065,114,8.21,7.91,9,No,5,1,5,No
CLG0097,132,9.77,9.97,3,No,7,9,3,Yes
CLG0071,88,9.2,9.54,6,No,6,6,2,No
CLG0067,113,7.13,7.17,7,Yes,3,2,3,No
CLG0071,102,8.22,8.04,3,Yes,4,1,4,No
CLG0001,132,5.89,5.87,5,No,7,1,4,No
CLG0097,87,7.8,7.81,1,No,5,2,1,No
CLG0071,87,9.91,9.81,3,Yes,7,9,3,Yes
CLG0004,91,7.59,8.02,8,No,5,2,1,No
CLG0082,68,9.64,9.88,3,No,7,1,0,No
CLG0037,92,7.04,6.78,8,Yes,3,4,2,No
CLG0014,88,9.99,10.08,9,No,9,9,1,No
CLG0079,102,7.9,8.09,6,Yes,1,8,1,No
CLG0025,105,5.21,4.85,7,No,2,7,1,No
CLG0082,128,7.93,7.79,6,No,4,8,5,Yes
CLG0004,114,6.37,6.78,8,No,3,2,1,No
CLG0066,91,5.16,5.23,7,No,4,5,5,No
CLG0043,86,9.1,8.82,10,No,0,7,4,No
CLG0026,107,6.38,6,1,No,0,1,2,No
CLG0084,80,8.98,9,3,Yes,1,6,0,No
CLG0015,127,6.44,6.49,3,No,10,7,2,No
CLG0006,117,5.97,5.8,3,No,1,8,1,No
CLG0037,92,9.87,10,4,Yes,7,5,4,No
CLG0043,74,6.81,6.38,1,No,9,8,0,No
CLG0042,120,8.01,7.66,2,Yes,3,10,5,Yes
CLG0013,98,8.05,8.1,5,No,5,1,1,No
CLG0016,118,7.8,7.36,6,Yes,1,4,5,No
CLG0042,76,9.57,9.95,9,Yes,0,6,1,No
CLG0038,91,8.37,8.01,2,No,6,4,3,No
CLG0066,100,7.02,7.19,9,No,3,5,2,No
CLG0065,100,9.31,9.2,7,No,3,2,2,No
CLG0005,93,5.91,5.81,9,No,1,7,2,No
CLG0030,109,7.72,7.98,4,Yes,8,9,3,No
CLG0095,83,9.75,9.75,7,Yes,1,7,4,No
CLG0043,97,8.13,8.36,1,Yes,4,1,4,No
CLG0032,101,9.08,9.09,8,No,5,2,4,No
CLG0067,107,8.27,8.36,7,Yes,2,8,5,Yes
CLG0067,110,9.2,9.46,7,No,10,1,0,No
CLG0042,83,9.72,9.83,2,Yes,2,2,3,No
CLG0005,76,6.36,6.48,10,Yes,5,5,3,No
CLG0099,119,5.85,6.14,9,Yes,4,6,4,No
CLG0086,104,7.42,7.87,8,No,4,1,4,No
CLG0096,88,8.51,8.39,1,Yes,4,1,4,No
CLG0059,123,6.14,6.22,1,Yes,8,2,3,No
CLG0023,101,5.02,4.61,5,No,7,3,4,No
CLG0008,117,6.71,6.57,2,Yes,3,9,2,Yes
CLG0068,101,9.84,9.75,1,No,5,3,4,No
CLG0070,130,8.47,8.81,10,No,4,8,2,Yes
CLG0091,126,7.01,7.02,8,Yes,10,6,1,No
CLG0019,96,5.96,6.19,4,No,5,10,1,No
CLG0044,114,6.78,6.3,2,No,10,5,3,No
CLG0093,109,5.85,5.81,5,No,7,9,0,No
CLG0038,120,5.53,5.93,6,Yes,5,8,5,Yes
CLG0044,85,9.53,9.25,8,Yes,5,3,1,No
CLG0006,110,9.99,9.52,7,No,1,7,3,No
CLG0003,115,5.82,5.75,7,Yes,6,4,3,No
CLG0096,73,5.27,5.47,1,No,2,8,2,No
CLG0080,82,6.65,6.6,3,No,6,7,2,No
CLG0033,69,7.31,7.27,3,Yes,4,3,4,No
CLG0066,95,6.02,6.19,7,No,3,7,5,No
CLG0058,110,6.51,6.26,2,Yes,9,6,1,No
CLG0026,122,6,6.25,10,Yes,0,6,2,No
CLG0099,101,8.87,8.52,7,No,7,10,0,No
CLG0028,124,8.56,8.46,9,Yes,1,3,5,Yes
CLG0043,79,8.17,8.33,1,No,9,4,3,No
CLG0075,74,6.94,7.27,2,No,7,4,5,No
CLG0088,99,9.55,9.84,6,No,6,6,4,No
CLG0016,105,9.85,10.07,2,No,2,9,2,Yes
CLG0089,99,5.87,5.73,2,Yes,10,5,2,No
CLG0023,68,6.12,5.74,5,No,6,8,2,No
CLG0059,98,7.63,7.35,7,No,0,5,5,No
CLG0035,80,5.46,5.82,4,Yes,4,6,1,No
CLG0089,110,7.18,7.54,6,Yes,1,6,5,No
CLG0041,105,7.91,8.36,3,No,1,4,2,No
CLG0097,85,7.61,7.19,4,Yes,2,10,5,No
CLG0022,92,6.65,6.69,4,No,6,10,3,No
CLG0074,84,7.71,7.86,4,No,1,5,2,No
CLG0001,99,9.79,10,1,Yes,3,4,5,No
CLG0046,114,6.03,6.17,4,No,3,2,0,No
CLG0022,85,8.27,8.54,4,Yes,0,2,2,No
CLG0032,107,5.22,5.08,6,Yes,6,8,4,No
CLG0087,92,5.33,5.01,9,No,3,4,4,No
CLG0030,88,7.76,7.46,10,Yes,0,9,0,No
CLG0087,98,5.52,5.03,6,No,2,6,4,No
CLG0043,84,5.11,4.96,6,No,7,5,1,No
CLG0012,91,5.86,5.45,7,No,3,7,3,No
CLG0083,82,7.82,7.64,7,Yes,0,6,3,No
CLG0071,129,8.52,8.65,1,No,6,4,1,No
CLG0027,100,6.01,6.4,8,No,7,10,4,No
CLG0026,89,8.34,8.68,1,No,4,9,0,No
CLG0018,103,5.91,5.66,9,Yes,8,6,0,No
CLG0092,98,8.07,7.7,4,No,6,3,3,No
CLG0075,96,7.06,6.75,9,No,3,4,5,No
CLG0066,109,8.27,8.74,8,No,8,4,0,No
CLG0081,111,9.98,10.03,9,Yes,5,8,1,Yes
CLG0061,92,9.69,9.37,6,Yes,10,5,3,No
CLG0046,91,5.02,5.36,9,Yes,7,8,2,No
CLG0029,95,9.43,9.33,4,Yes,1,8,1,No
CLG0032,65,5.33,5.73,3,Yes,4,6,1,No
CLG0015,77,9.77,9.53,3,No,2,5,0,No
CLG0060,120,6.41,6.3,8,No,4,2,5,No
CLG0082,124,6.91,6.91,2,Yes,7,1,0,No
CLG0028,96,5.46,5.85,6,No,5,7,0,No
CLG0027,108,5.56,5.93,9,Yes,0,10,2,No
CLG0041,104,8.63,8.7,9,No,6,10,1,No
CLG0047,146,9.72,9.44,8,Yes,9,7,4,Yes
CLG0033,116,8.05,7.95,8,Yes,0,2,3,No
CLG0044,98,8.58,9.06,1,Yes,0,3,0,No
CLG0050,85,8.81,8.92,7,No,3,8,0,No
CLG0010,75,6.31,6.59,1,No,8,4,1,No
CLG0024,103,5.23,5.18,9,No,7,5,2,No
CLG0034,88,5.01,5.04,3,No,9,7,0,No
CLG0091,78,6.75,6.68,1,No,2,8,2,No
CLG0020,90,6.21,6.41,8,No,5,1,2,No
CLG0025,83,5.31,5.66,7,No,0,7,4,No
CLG0055,125,5.9,5.91,2,Yes,9,3,2,No
CLG0090,113,5.62,5.6,7,Yes,0,5,4,No
CLG0043,99,9.57,9.41,5,No,5,1,3,No
CLG0053,122,5.7,5.38,7,No,4,3,2,No
CLG0085,101,7.69,8.13,10,Yes,5,5,3,No
CLG0050,87,7.97,7.79,7,No,8,1,2,No
CLG0055,122,7.72,8.02,2,Yes,4,2,4,Yes
CLG0013,108,5.5,5.72,2,No,1,3,4,No
CLG0049,84,6.59,6.88,7,Yes,0,8,3,No
CLG0097,97,5.26,5.7,3,Yes,10,5,1,No
CLG0010,86,6.98,7.1,4,No,1,5,1,No
CLG0092,79,5.94,6.34,7,No,7,3,1,No
CLG0097,113,7.81,7.48,2,No,0,9,2,Yes
CLG0011,128,8.46,8.59,2,No,5,9,1,Yes
CLG0078,79,7.66,7.93,9,No,4,2,3,No
CLG0084,108,7.17,6.94,1,No,9,8,1,No
CLG0100,90,6.94,7.18,3,Yes,10,1,3,No
CLG0020,92,9.21,9.49,10,Yes,8,5,3,No
CLG0072,91,6.1,6.43,4,No,3,7,5,No
CLG0079,87,8.67,8.48,5,No,4,8,2,Yes
CLG0097,100,8.79,8.97,3,No,4,8,5,Yes
CLG0083,87,7.1,6.9,9,Yes,10,6,4,No
CLG0048,104,6.49,6.73,5,No,1,7,2,No
CLG0076,99,7.35,7.31,7,No,10,4,2,No
CLG0017,96,5.47,5.57,7,Yes,1,10,0,No
CLG0033,86,5.23,5.15,9,No,8,7,1,No
CLG0020,91,5.56,5.22,2,No,2,7,1,No
CLG0046,111,5.94,5.62,3,No,5,9,3,Yes
CLG0031,107,7.52,7.1,4,Yes,3,2,4,No
CLG0051,85,9.25,9.37,8,No,3,8,5,Yes
CLG0083,101,6.18,6.53,1,Yes,4,9,1,No
CLG0019,111,9.68,9.2,9,No,4,3,1,No
CLG0062,74,9.77,9.34,5,Yes,6,8,4,Yes
CLG0044,108,9.79,9.75,4,No,6,1,1,No
CLG0077,90,9.19,9.43,8,No,0,10,0,No
CLG0038,108,6.82,6.48,9,No,5,5,1,No
CLG0049,88,5.36,5.13,3,No,3,1,0,No
CLG0065,72,7.84,7.57,4,Yes,1,1,2,No
CLG0011,75,7.79,7.69,1,Yes,5,6,2,No
CLG0027,100,9.25,8.97,3,No,6,5,0,No
CLG0058,103,9.98,9.83,10,No,1,5,5,No
CLG0064,86,7.54,7.77,5,No,1,2,5,No
CLG0065,109,6.73,6.84,8,No,9,10,3,No
CLG0015,75,5.93,5.51,1,Yes,10,9,0,No
CLG0082,99,5.02,5.16,1,Yes,6,5,3,No
CLG0089,81,7.55,7.53,3,Yes,8,3,4,No
CLG0001,90,7.78,8.21,9,No,2,7,4,No
CLG0019,100,9.12,8.91,9,No,2,6,0,No
CLG0056,87,7.52,7.75,1,No,7,6,3,No
CLG0064,94,9.58,9.81,4,No,1,5,2,No
CLG0034,115,8.14,7.86,8,No,8,4,0,No
CLG0064,91,9.2,9.6,2,No,6,6,0,No
CLG0010,112,5.74,5.73,4,Yes,7,7,3,No
CLG0076,83,9.28,9.46,7,No,8,8,4,Yes
CLG0060,107,8.38,8.03,7,No,2,2,5,No
CLG0039,121,5.85,5.61,5,Yes,5,4,2,No
CLG0066,62,5.95,6.04,7,No,7,7,3,No
CLG0032,88,9.63,9.45,6,No,0,3,3,No
CLG0051,108,5.16,5.16,2,No,5,5,2,No
CLG0026,96,7.31,7.18,9,Yes,2,10,5,No
CLG0057,105,6.57,6.71,5,No,7,7,5,No
CLG0084,90,8.33,8.32,2,No,8,9,0,No
CLG0060,101,9.2,8.7,6,No,4,6,0,No
CLG0055,97,6.8,6.95,10,Yes,1,2,1,No
CLG0006,117,7.13,7.05,5,Yes,6,9,2,Yes
CLG0007,103,9.91,9.75,2,No,5,6,3,No
CLG0066,105,8.92,8.51,10,No,5,10,1,No
CLG0081,93,9.49,9.21,10,No,0,2,1,No
CLG0026,92,7.19,6.91,7,No,0,1,1,No
CLG0095,93,6.17,6.61,10,No,5,4,0,No
CLG0098,105,7.06,6.99,2,Yes,5,2,4,No
CLG0082,93,8.58,8.12,7,Yes,3,7,1,No
CLG0078,104,5.55,5.19,6,Yes,7,7,3,No
CLG0005,131,6.35,5.93,4,Yes,8,3,5,No
CLG0087,113,5.23,5.32,4,No,5,10,0,No
CLG0001,95,7.16,6.85,6,No,9,1,5,No
CLG0084,118,9.14,9.14,9,No,7,2,4,Yes
CLG0002,93,5.12,4.99,10,Yes,7,8,4,No
CLG0065,69,8.38,8.68,6,Yes,1,4,1,No
CLG0010,84,9.66,9.48,6,Yes,3,3,1,No
CLG0050,71,6.18,6.14,1,No,0,10,0,No
CLG0051,94,8.47,8.69,5,Yes,0,7,1,No
CLG0069,100,9.88,9.81,1,No,5,10,0,No
CLG0041,125,9.81,10.1,9,No,6,4,4,Yes
CLG0058,104,6.17,6.33,10,No,4,2,3,No
CLG0077,96,5.5,5.41,4,Yes,7,3,3,No
CLG0068,112,5.74,5.74,2,No,8,4,2,No
CLG0024,66,8.51,8.98,9,No,3,1,5,No
CLG0091,103,8.63,8.79,6,Yes,0,8,2,Yes
CLG0056,111,8.37,8.77,10,Yes,5,8,2,Yes
CLG0100,77,6.68,6.36,3,No,0,5,3,No
CLG0036,117,5.85,5.83,2,Yes,1,6,1,No
CLG0002,105,7.9,8.31,6,Yes,10,4,0,No
CLG0096,93,7.42,7.24,10,Yes,3,3,3,No
CLG0056,109,8.64,9.11,6,Yes,3,3,2,No
CLG0081,134,7.21,6.81,9,Yes,5,4,2,No
CLG0012,102,6.69,7.09,5,No,7,6,5,No
CLG0012,103,6.47,6.42,9,No,2,2,1,No
CLG0085,93,6.06,5.63,5,No,5,6,2,No
CLG0072,87,6.33,6.71,2,Yes,2,8,2,No
CLG0022,112,5.47,5.22,1,Yes,1,9,0,No
CLG0074,87,6.73,6.25,9,Yes,3,4,1,No
CLG0084,101,5.18,4.82,10,No,3,5,4,No
CLG0062,92,5.93,6.09,7,Yes,1,8,4,No
CLG0064,107,8.73,9.21,3,No,10,10,2,Yes
CLG0028,105,6.63,6.24,6,Yes,2,2,2,No
CLG0089,115,8.34,8.3,10,No,8,10,0,Yes
CLG0028,92,8.58,8.26,4,No,9,2,4,No
CLG0004,95,7.91,8.16,9,Yes,8,9,1,No
CLG0045,85,9.79,9.41,2,No,9,6,1,No
CLG0090,93,5.11,4.85,4,No,6,10,3,No
CLG0013,105,8.69,8.39,1,No,1,9,5,Yes
CLG0083,111,9.79,9.84,7,No,4,10,3,Yes
CLG0098,86,9.31,9.68,4,Yes,7,7,1,No
CLG0080,113,5.84,5.85,5,No,0,5,3,No
CLG0004,120,6.63,6.19,1,Yes,0,9,5,Yes
CLG0061,106,5.86,5.92,2,Yes,10,9,5,No
CLG0084,128,8.01,8.31,4,Yes,10,2,0,No
CLG0026,88,8.56,8.19,2,Yes,5,8,2,Yes
CLG0094,81,6.59,6.16,1,Yes,6,8,1,No
CLG0006,73,7.7,7.39,10,No,6,2,4,No
CLG0077,122,8.45,8.7,1,No,2,10,4,Yes
CLG0056,109,7.11,7.2,6,No,9,7,1,No
CLG0100,99,9.27,9.31,2,No,3,1,3,No
CLG0081,104,8.86,8.61,3,No,8,5,3,No
CLG0027,83,5.32,5.15,5,Yes,10,5,1,No
CLG0035,136,8.11,8.58,3,Yes,9,10,1,Yes
CLG0097,101,6.18,5.92,6,No,3,5,1,No
CLG0082,101,7.79,8.19,7,No,4,2,0,No
CLG0058,110,9.78,9.86,10,Yes,5,3,4,No
CLG0084,107,9.4,9.02,6,Yes,6,6,0,No
CLG0063,103,7.02,6.99,2,Yes,4,1,5,No
CLG0033,88,6.46,6.91,9,No,6,6,0,No
CLG0095,107,6.17,6.09,2,No,1,6,2,No
CLG0083,128,7.66,8.02,6,No,6,7,0,No
CLG0097,120,5.57,5.33,9,No,4,9,5,Yes
CLG0081,123,7.75,7.82,9,No,9,9,4,Yes
CLG0033,92,5.01,5.35,2,No,4,4,3,No
CLG0100,85,6.62,7.04,9,No,10,2,4,No
CLG0069,98,6.1,6.09,8,No,5,5,1,No
CLG0040,100,9.86,10,7,Yes,8,1,5,No
CLG0047,116,8.64,8.14,8,No,3,5,1,No
CLG0045,74,6.75,6.5,10,Yes,4,10,1,No
CLG0027,122,5.46,5.24,8,No,4,3,0,No
CLG0007,97,7.58,7.17,1,Yes,2,7,5,No
CLG0058,93,6.07,5.85,9,Yes,2,7,2,No
CLG0014,84,7.68,7.5,6,No,0,3,3,No
CLG0004,75,9.18,9.65,1,No,3,5,0,No
CLG0082,112,8.08,8.25,1,Yes,8,9,1,Yes
CLG0034,101,8.17,8.1,7,No,1,4,4,No
CLG0080,80,7.71,8.2,10,No,9,2,1,No
CLG0091,80,9.64,9.29,2,Yes,3,3,4,No
CLG0038,94,9.66,9.64,6,Yes,8,1,3,No
CLG0020,125,7.56,7.71,5,No,8,5,1,No
CLG0046,96,6.53,6.09,5,Yes,7,9,5,No
CLG0019,77,7.3,7.52,10,No,1,2,5,No
CLG0001,96,5.93,5.53,6,Yes,10,3,3,No
CLG0023,95,8.18,7.82,8,Yes,2,3,1,No
CLG0062,59,7.5,7.16,5,Yes,5,7,1,No
CLG0073,99,5.52,5.95,8,Yes,1,10,4,No
CLG0028,96,5.99,6.17,5,No,2,7,2,No
CLG0084,110,7.4,7.56,10,No,0,1,5,No
CLG0080,127,9.44,9.5,6,Yes,3,3,4,Yes
CLG0077,116,7.83,7.62,8,Yes,10,1,0,No
CLG0033,95,8.41,8.53,2,No,5,9,3,Yes
CLG0003,83,6.7,6.61,7,Yes,0,7,3,No
CLG0079,138,7.86,7.51,3,No,0,5,2,No
CLG0016,100,7.24,7.43,9,Yes,7,7,1,No
CLG0030,100,8.3,7.93,10,Yes,6,3,3,No
CLG0025,99,5.25,4.94,7,Yes,6,3,2,No
CLG0078,102,7.47,7.79,3,Yes,6,1,0,No
CLG0001,97,6.48,6.64,8,No,4,5,3,No
CLG0033,91,6.63,6.76,10,Yes,3,7,0,No
CLG0037,91,9.8,9.72,2,Yes,6,3,5,No
CLG0029,99,5.91,5.81,10,No,10,5,4,No
CLG0037,91,6.56,6.75,8,No,2,10,3,No
CLG0061,89,7.55,7.79,7,No,8,1,3,No
CLG0008,101,9.32,9.33,5,Yes,1,7,1,No
CLG0001,96,7.08,7.55,4,Yes,0,8,0,No
CLG0063,122,8.72,9.18,10,No,7,8,4,Yes
CLG0088,60,9.28,9.19,10,No,5,1,2,No
CLG0065,116,6.55,6.87,1,No,3,4,4,No
CLG0046,118,6.96,7,4,Yes,9,9,3,Yes
CLG0043,68,6.78,6.79,6,Yes,8,2,5,No
CLG0010,94,9.16,8.71,6,No,4,1,0,No
CLG0082,94,5.22,5.29,2,No,10,6,3,No
CLG0085,78,6.54,6.94,9,Yes,0,1,2,No
CLG0010,88,8.4,8.68,1,No,0,6,2,No
CLG0062,83,7.83,8.12,4,Yes,6,1,3,No
CLG0086,126,7.18,6.84,4,No,0,6,5,No
CLG0051,114,7.7,7.56,2,No,5,9,3,Yes
CLG0045,119,5.99,5.72,8,No,6,5,3,No
CLG0073,110,7.15,6.97,2,No,10,4,0,No
CLG0073,83,7.51,7.59,2,Yes,9,8,1,No
CLG0045,92,9.51,9.37,2,Yes,4,4,2,No
CLG0085,107,6.3,6.36,1,No,2,4,0,No
CLG0058,81,9.34,9.28,5,Yes,2,9,2,Yes
CLG0095,110,8.22,8.01,4,No,1,1,3,No
CLG0066,96,5.1,4.7,2,No,10,3,2,No
CLG0024,94,8.62,9.01,1,Yes,0,4,5,No
CLG0097,110,5.18,4.69,1,No,10,8,5,No
CLG0075,106,9.99,9.49,2,Yes,7,1,5,No
CLG0065,94,9.36,9.69,1,Yes,8,3,4,No
CLG0055,117,6.49,6.99,9,No,1,2,2,No
CLG0051,83,6.29,6.52,2,No,3,6,5,No
CLG0072,109,6.91,6.43,3,Yes,2,9,4,No
CLG0073,108,6.78,6.51,9,Yes,3,10,0,No
CLG0021,95,6.86,7.33,5,No,3,9,0,No
CLG0047,104,6.59,6.9,8,Yes,7,10,5,No
CLG0022,81,8.11,8.18,7,No,10,5,4,No
CLG0029,113,5.82,5.56,6,No,2,3,2,No
CLG0040,97,9.23,8.74,2,Yes,2,8,5,Yes
CLG0003,92,9.06,8.58,4,No,5,9,0,No
CLG0049,115,7.38,7.49,9,Yes,10,9,2,Yes
CLG0025,89,9.26,8.78,7,No,2,1,1,No
CLG0082,78,6.24,6.73,3,Yes,4,10,5,No
CLG0011,76,5.09,4.77,6,Yes,3,5,1,No
CLG0094,109,8.1,8.31,8,No,10,10,5,Yes
CLG0089,80,7.29,6.95,8,No,3,9,4,No
CLG0075,126,7.84,7.88,8,No,1,3,4,No
CLG0098,68,9.5,9.08,8,Yes,8,7,2,No
CLG0088,125,9.85,10.12,10,No,4,9,1,Yes
CLG0048,103,8.17,8.25,6,Yes,4,2,1,No
CLG0032,98,8.82,8.41,10,No,6,2,4,No
CLG0003,91,5.42,5.77,3,Yes,2,5,3,No
CLG0045,105,5.8,5.85,9,No,5,8,2,No
CLG0089,99,8.67,9.09,3,Yes,0,10,2,Yes
CLG0020,116,7.16,7.58,4,Yes,4,5,0,No
CLG0020,101,7.23,7.65,10,No,4,8,4,No
CLG0051,102,6.54,6.12,1,No,8,4,0,No
CLG0081,94,8.04,7.66,2,Yes,4,9,3,No
CLG0020,99,5.93,6.42,6,No,7,4,0,No
CLG0082,104,8.13,8.12,1,Yes,2,5,3,No
CLG0014,74,5.87,5.61,9,No,10,7,0,No
CLG0098,79,5.32,5.59,8,No,5,9,4,No
CLG0080,111,6.65,6.41,2,No,1,5,3,No
CLG0032,102,6.16,6.39,2,No,8,7,2,No
CLG0072,97,9.44,9.78,8,Yes,5,4,4,No
CLG0042,100,5.27,5.55,8,No,4,2,4,No
CLG0080,105,5.88,5.65,1,No,8,2,5,No
CLG0039,91,7.74,7.64,5,Yes,0,5,1,No
CLG0038,88,7.41,7.32,2,Yes,2,2,2,No
CLG0064,102,5.23,5.22,1,No,1,2,0,No
CLG0004,85,5.04,4.71,3,No,8,2,4,No
CLG0099,106,9.94,9.89,3,Yes,10,4,0,No
CLG0092,74,8.29,8.3,10,No,5,8,4,Yes
CLG0063,115,6.83,6.86,9,Yes,10,7,2,No
CLG0061,107,7.35,7.67,10,No,5,5,4,No
CLG0078,103,6.33,6.35,1,No,4,7,0,No
CLG0005,114,6.72,6.45,2,No,3,6,0,No
CLG0066,124,8.25,8.41,9,Yes,3,8,2,Yes
CLG0045,115,9.41,9.71,5,No,1,8,0,Yes
CLG0050,72,5.92,5.74,9,No,6,7,3,No
CLG0088,80,9.2,9.35,6,Yes,5,5,4,No
CLG0003,90,5.61,5.26,10,No,2,6,3,No
CLG0023,100,6.07,5.91,10,No,6,10,1,No
CLG0011,107,5.19,5.6,3,No,8,8,1,No
CLG0038,89,5.7,6.11,8,No,9,7,5,No
CLG0056,102,9.59,9.67,9,No,0,5,5,No
CLG0035,88,7.3,7.5,2,No,10,10,4,No
CLG0065,90,5.39,5.74,9,Yes,9,8,0,No
CLG0006,78,9.8,10.26,4,No,7,4,2,No
CLG0070,86,9.39,9.38,8,No,1,6,1,No
CLG0040,79,8.77,8.83,5,No,0,4,0,No
CLG0090,85,9.67,9.59,6,No,8,5,5,No
CLG0035,115,6.1,5.67,4,No,1,10,2,Yes
CLG0013,85,9.18,9.1,5,No,6,3,4,No
CLG0025,139,8.45,8.74,1,No,6,2,0,No
CLG0086,107,9.35,9.65,3,Yes,0,1,3,No
CLG0081,102,8.98,9.37,4,No,9,3,4,No
CLG0078,87,6.73,6.28,1,No,0,1,1,No
CLG0067,110,8.87,8.9,3,Yes,6,6,4,No
CLG0068,91,6.31,5.92,4,No,5,2,4,No
CLG0099,101,6.64,6.34,9,Yes,3,3,2,No
CLG0047,138,5.54,5.94,3,No,2,8,1,No
CLG0055,98,9.68,9.68,3,No,4,5,5,No
CLG0092,117,6.46,6.72,4,No,4,2,2,No
CLG0043,89,7.6,7.16,9,No,10,2,4,No
CLG0002,99,6.96,6.88,9,No,2,3,0,No
CLG0045,126,9.8,9.97,1,No,5,3,3,Yes
CLG0048,90,6.68,6.31,8,No,2,8,3,No
CLG0062,127,8.89,8.72,10,No,3,5,2,Yes
CLG0038,110,9.28,8.84,1,No,2,8,0,No
CLG0047,91,7.18,7.33,2,No,5,4,3,No
CLG0004,109,6.89,7.36,10,Yes,8,9,0,No
CLG0060,114,8.74,9.07,5,No,2,3,5,Yes
CLG0049,109,9.56,10.03,6,No,0,2,5,No
CLG0076,76,8.77,9.12,2,No,6,6,2,No
CLG0034,89,6.14,6.5,10,Yes,4,4,1,No
CLG0044,96,9.44,9.52,5,Yes,3,2,0,No
CLG0094,98,6.94,6.96,3,Yes,2,6,0,No
CLG0085,109,7.88,7.79,7,No,6,4,1,No
CLG0056,102,9.16,9.48,1,No,1,10,4,Yes
CLG0092,79,5.94,5.62,5,No,10,4,4,No
CLG0042,105,8.92,8.48,3,No,3,10,4,Yes
CLG0050,109,7.98,8.43,2,Yes,1,4,2,No
CLG0069,108,9.47,8.97,3,No,9,4,4,No
CLG0033,116,5.86,6.34,10,No,7,8,2,Yes
CLG0098,112,7.1,7.33,4,Yes,2,1,1,No
CLG0096,106,9.16,8.99,2,No,4,9,0,No
CLG0091,98,5.1,5.3,2,Yes,10,3,3,No
CLG0067,75,5.56,5.88,3,No,3,5,3,No
CLG0042,106,9.95,9.7,2,No,4,5,2,No
CLG0044,103,6.4,6.67,6,No,3,4,2,No
CLG0068,104,9.88,10.18,2,No,7,4,5,No
CLG0100,80,5.91,5.66,1,No,5,7,0,No
CLG0057,83,6.81,6.35,8,No,0,4,1,No
CLG0036,115,8.76,8.46,10,No,4,10,0,Yes
CLG0041,99,8.29,7.99,4,No,0,3,5,No
CLG0056,110,7.91,7.48,2,No,2,9,2,No
CLG0003,100,7.65,7.88,4,Yes,10,4,0,No
CLG0056,100,9.22,9.1,2,No,5,4,2,No
CLG0056,114,6.17,6.55,5,No,8,10,3,Yes
CLG0065,92,7.21,6.96,7,No,2,8,0,No
CLG0039,101,5.78,5.73,6,No,3,7,1,No
CLG0040,93,7.98,8.12,2,No,9,4,3,No
CLG0039,93,6.25,6.63,4,No,0,8,1,No
CLG0027,95,6.67,6.69,8,No,9,10,1,No
CLG0067,103,7.36,7.23,7,Yes,1,2,2,No
CLG0100,92,5.13,5.5,7,No,6,9,1,No
CLG0094,118,5.46,5.27,4,No,7,2,5,No
CLG0065,86,8.43,8.01,1,Yes,0,10,4,Yes
CLG0074,97,7.14,7.09,7,No,8,3,1,No
CLG0003,93,9.32,9.61,6,No,5,6,0,No
CLG0003,121,8.47,8,8,Yes,0,7,5,No
CLG0037,102,5.04,5.13,5,No,3,9,2,No
CLG0098,115,8.08,8.17,8,Yes,3,8,2,Yes
CLG0020,77,5.47,5.9,10,Yes,6,6,5,No
CLG0011,104,8.9,8.69,8,No,0,8,4,Yes
CLG0083,113,9.96,9.74,9,Yes,9,5,2,Yes
CLG0091,101,7.66,7.6,1,No,8,10,2,No
CLG0024,115,8.41,8.27,3,No,0,10,3,Yes
CLG0070,92,6.19,6.43,6,No,9,9,3,No
CLG0065,121,7.19,7.33,4,No,2,4,3,No
CLG0083,134,9.28,9.54,8,Yes,0,1,4,Yes
CLG0074,94,5.84,6.16,10,No,0,8,5,No
CLG0032,93,6.33,6.75,1,No,3,5,2,No
CLG0062,121,7.23,7.16,5,Yes,1,9,2,Yes
CLG0055,123,8.56,9.04,4,Yes,8,3,2,Yes
CLG0036,92,6.88,6.6,1,No,0,9,1,No
CLG0066,93,9.64,9.85,10,No,2,8,2,Yes
CLG0037,95,5.47,5.5,6,No,1,6,2,No
CLG0014,79,6.85,7.17,10,Yes,0,10,5,No
CLG0046,86,8.54,8.52,3,No,10,10,0,No
CLG0077,84,6.13,6.41,5,Yes,8,8,0,No
CLG0056,88,8.28,8.71,6,No,4,8,2,Yes
CLG0050,99,5.82,6.05,4,No,10,7,1,No
CLG0061,103,5.28,5.56,10,Yes,5,7,1,No
CLG0017,123,5.61,5.18,10,Yes,7,3,4,No
CLG0027,85,9.65,9.35,6,No,6,7,4,No
CLG0054,114,7.76,8.23,7,Yes,6,3,5,Yes
CLG0029,96,8.98,9.17,2,No,8,9,2,Yes
CLG0013,99,6.66,6.72,7,Yes,2,5,3,No
CLG0049,110,7.96,7.83,7,No,9,8,1,No
CLG0025,83,7.47,7.01,2,Yes,7,3,3,No
CLG0088,105,9.73,9.6,3,No,5,3,4,No
CLG0100,102,8.74,8.74,3,No,7,3,1,No
CLG0023,107,8.65,8.36,1,Yes,3,8,3,Yes
CLG0026,104,5.23,4.9,1,Yes,0,9,2,No
CLG0048,136,7.75,7.76,10,No,10,7,3,No
CLG0036,90,7.33,7.42,6,No,2,1,4,No
CLG0006,92,9.64,9.38,9,Yes,9,6,1,No
CLG0080,90,6.29,6.38,9,Yes,2,3,1,No
CLG0074,91,6.35,6.75,1,Yes,0,1,1,No
CLG0039,90,7.06,7.03,7,No,4,10,2,No
CLG0057,117,6.22,6.58,6,No,5,2,1,No
CLG0091,121,5.65,6.08,4,No,8,3,3,No
CLG0066,91,9.29,8.88,3,No,7,7,0,No
CLG0010,87,7.79,7.39,9,Yes,3,6,5,No
CLG0072,107,9.31,9.29,10,Yes,5,2,5,No
CLG0009,91,9.16,9.25,5,No,2,5,0,No
CLG0077,109,6.41,6.34,8,No,0,1,5,No
CLG0072,103,7.74,7.57,4,No,8,3,2,No
CLG0027,77,5.42,5.56,4,No,7,1,3,No
CLG0046,123,9.58,9.08,6,Yes,5,3,5,Yes
CLG0063,126,7.02,7.49,6,No,2,2,2,No
CLG0042,90,6.97,6.7,3,Yes,10,4,0,No
CLG0085,94,6.51,6.93,2,No,4,5,5,No
CLG0041,104,7.3,6.91,9,No,8,3,1,No
CLG0034,105,6.26,6,2,No,6,10,0,No
CLG0093,109,6.87,6.6,9,Yes,1,5,0,No
CLG0030,130,9,9.5,8,No,5,7,0,No
CLG0044,97,9.17,8.67,10,Yes,8,10,2,Yes
CLG0080,88,6.52,6.66,7,Yes,10,9,4,No
CLG0001,79,7.35,7.72,5,No,10,8,2,No
CLG0045,89,9.37,9.54,3,No,9,6,4,No
CLG0047,99,5.26,5.12,2,No,0,9,2,No
CLG0093,126,9.45,9.91,8,Yes,4,8,5,Yes
CLG0030,92,6.1,6.49,2,No,8,4,5,No
CLG0022,103,8.39,8.32,8,Yes,2,2,5,No
CLG0015,99,7.91,7.98,5,Yes,2,9,0,No
CLG0084,117,7.76,8.23,9,No,9,6,1,No
CLG0038,137,9.3,9.78,4,Yes,8,10,3,Yes
CLG0023,92,5.51,5.46,8,Yes,2,8,4,No
CLG0031,92,6.74,7.09,7,Yes,10,8,2,No
CLG0057,115,7.69,7.49,8,Yes,8,4,5,No
CLG0081,110,9.06,8.93,5,No,9,10,1,No
CLG0035,127,6.08,5.74,2,No,2,5,3,No
CLG0066,108,9.01,8.72,7,No,7,1,1,No
CLG0053,94,7,7.16,3,Yes,9,9,5,No
CLG0031,108,5.94,5.95,10,No,8,7,4,No
CLG0026,116,8.79,8.52,10,No,2,1,4,Yes
CLG0031,112,5.45,5.35,10,No,0,10,3,Yes
CLG0072,107,7.57,7.44,10,No,8,10,3,No
CLG0080,116,5.32,5.81,2,No,6,3,5,No
CLG0012,117,6.78,7.13,3,Yes,5,9,5,Yes
CLG0053,120,8.01,7.9,4,No,3,1,4,No
CLG0056,109,7.78,8.19,10,Yes,4,6,4,No
CLG0083,97,7.02,6.86,7,Yes,6,5,0,No
CLG0062,102,7.15,7.32,10,Yes,8,4,3,No
CLG0044,118,6.13,6.6,1,No,5,1,3,No
CLG0058,87,7.28,7.17,6,Yes,3,7,4,No
CLG0077,105,9.77,9.95,6,No,3,1,2,No
CLG0065,94,9.25,9.05,8,Yes,9,1,0,No
CLG0013,100,5.73,5.5,2,No,2,2,2,No
CLG0061,119,5.15,5.22,2,Yes,1,9,4,Yes
CLG0068,102,9.67,10.15,1,No,3,1,0,No
CLG0051,100,7.63,7.58,3,No,5,8,0,No
CLG0062,79,7.69,8.13,7,Yes,0,1,4,No
CLG0048,111,8.9,9.31,8,No,1,1,5,Yes
CLG0095,109,6.57,6.32,7,Yes,7,9,1,No
CLG0063,132,7.41,7.31,9,No,2,8,1,No
CLG0072,95,9.84,9.98,8,No,0,1,3,No
CLG0091,103,8.36,8.38,8,Yes,1,7,4,No
CLG0072,103,5.77,5.37,2,No,2,8,5,No
CLG0051,123,5.67,6.16,1,Yes,1,2,4,No
CLG0024,98,6.02,6.27,6,No,3,4,5,No
CLG0086,104,8.83,8.77,7,No,3,2,2,No
CLG0040,109,6.48,6.6,6,No,10,6,4,No
CLG0029,102,5.11,4.7,7,No,9,5,1,No
CLG0073,93,9.72,9.72,8,No,1,5,5,No
CLG0017,102,5.85,6.28,2,No,0,8,4,No
CLG0001,116,5.05,5.45,1,No,2,1,2,No
CLG0096,84,6.19,6.03,10,No,3,10,3,No
CLG0084,101,6.18,6.21,8,No,10,2,5,No
CLG0001,89,7.11,7.31,8,No,5,1,0,No
CLG0025,117,9.6,9.44,8,No,4,4,5,Yes
CLG0041,77,9.4,8.96,10,Yes,1,2,3,No
CLG0091,91,7.28,7.29,7,Yes,3,10,2,No
CLG0023,105,7.05,7.15,2,No,5,7,4,No
CLG0018,123,7.78,7.29,4,No,3,5,1,No
CLG0095,99,6.22,5.82,9,Yes,10,5,5,No
CLG0028,91,5.26,4.97,8,No,10,1,4,No
CLG0085,128,9.7,9.55,4,No,6,2,5,Yes
CLG0012,78,5.93,5.97,8,No,5,5,0,No
CLG0088,67,5.99,5.78,10,No,5,7,1,No
CLG0049,106,7.36,7.14,6,Yes,9,1,3,No
CLG0097,92,7.46,7.83,9,Yes,1,7,5,No
CLG0081,84,5.09,4.74,1,No,10,2,2,No
CLG0097,110,5.74,5.74,6,No,6,2,3,No
CLG0016,103,6.89,7.34,4,No,8,9,0,No
CLG0027,91,8.42,8.55,3,No,5,8,5,Yes
CLG0053,80,6.14,6.36,5,Yes,7,10,0,No
CLG0092,113,7.12,7.05,10,No,5,4,4,No
CLG0036,109,7.79,7.31,8,Yes,5,5,4,No
CLG0007,98,9.44,9.59,10,No,3,9,5,Yes
CLG0034,127,6.63,6.76,6,Yes,5,4,4,No
CLG0065,83,5.67,5.28,1,Yes,9,10,0,No
CLG0004,77,7.45,7.41,6,No,3,8,1,No
CLG0026,89,8.73,9.15,7,No,9,5,5,No
CLG0020,99,5.55,5.26,6,No,5,1,3,No
CLG0051,103,7.12,7.08,3,No,0,7,3,No
CLG0077,96,5.09,5.05,9,Yes,6,10,2,No
CLG0099,105,5.17,5.48,10,No,1,3,2,No
CLG0010,81,7.41,7.73,10,No,5,7,1,No
CLG0008,121,6.49,6.75,4,No,8,8,4,Yes
CLG0018,98,9.23,9.1,5,No,9,4,4,No
CLG0017,116,8.01,7.58,5,Yes,2,6,1,No
CLG0069,105,7.27,7.12,3,Yes,3,10,3,No
CLG0030,106,7.04,7.22,2,No,4,7,4,No
CLG0095,108,7.49,7.69,8,Yes,7,8,3,No
CLG0039,106,5.2,5.67,7,No,9,3,0,No
CLG0061,109,9.46,9.41,5,Yes,5,7,5,No
CLG0024,119,9.99,10.12,1,No,7,5,2,Yes
CLG0081,102,5.91,5.95,10,Yes,2,7,4,No
CLG0098,110,5.6,5.25,1,No,2,6,2,No
CLG0035,98,5.72,5.68,8,No,8,5,1,No
CLG0079,121,8.31,8.35,4,Yes,5,3,5,Yes
CLG0061,89,8.31,8.76,4,No,7,10,0,No
CLG0075,127,9.24,9.11,9,Yes,3,2,4,Yes
CLG0098,99,8.76,9.24,2,No,4,3,4,No
CLG0072,78,7.25,7.29,5,No,8,2,3,No
CLG0015,101,8.06,7.8,6,No,6,3,2,No
CLG0036,89,8.44,8.13,6,Yes,4,2,0,No
CLG0055,112,7.56,7.2,10,Yes,6,1,5,No
CLG0037,90,7.38,7.33,3,No,10,9,3,No
CLG0087,93,8.23,7.75,10,No,8,10,5,No
CLG0062,71,7.79,7.74,6,Yes,2,5,0,No
CLG0064,93,8.22,8.71,10,No,2,9,0,No
CLG0039,63,8.06,8.23,10,No,3,8,1,No
CLG0090,76,8.6,8.86,5,Yes,10,7,1,No
CLG0098,111,8.21,7.83,8,No,9,6,3,No
CLG0075,111,7.6,7.57,4,No,6,4,3,No
CLG0012,106,8.41,8.2,10,No,4,10,5,Yes
CLG0072,85,7.25,7.64,10,Yes,4,10,3,No
CLG0008,99,6.21,5.89,3,No,3,7,0,No
CLG0041,99,5.01,4.97,6,Yes,7,7,4,No
CLG0069,82,7.8,7.89,10,Yes,2,1,1,No
CLG0074,122,7.95,7.96,9,No,1,9,5,Yes
CLG0003,113,9.86,10.19,8,Yes,3,4,5,Yes
CLG0043,96,6.81,6.54,10,Yes,7,7,5,No
CLG0037,100,6.97,6.85,8,No,3,9,4,No
CLG0086,103,6.01,6.3,3,No,7,2,2,No
CLG0057,69,5.35,5.38,1,No,4,8,1,No
CLG0025,96,8.86,8.76,3,No,8,4,5,No
CLG0004,89,6.25,5.78,3,No,1,4,2,No
CLG0058,84,8.04,8.29,6,No,7,3,2,No
CLG0037,95,8.44,8.91,3,Yes,6,10,3,Yes
CLG0008,126,7.36,7.48,2,No,1,4,5,No
CLG0094,109,9.38,9.74,9,Yes,4,9,0,No
CLG0009,91,7.22,7.24,6,No,5,1,4,No
CLG0079,108,6.42,6.15,5,No,8,9,5,No
CLG0001,120,9.48,8.99,3,Yes,10,10,2,Yes
CLG0013,113,9.31,9.46,7,No,7,9,5,Yes
CLG0068,100,5.82,5.81,7,No,6,1,3,No
CLG0016,90,5.13,5.41,4,No,10,9,0,No
CLG0044,110,5.45,5.64,10,No,0,6,1,No
CLG0065,105,6.43,6.92,2,No,9,8,2,No
CLG0014,113,9.86,9.87,2,No,2,8,5,Yes
CLG0091,109,7.79,7.72,8,No,0,8,3,No
CLG0026,115,6.87,6.66,4,No,9,8,5,Yes
CLG0032,91,9.44,9.42,7,No,5,1,5,No
CLG0002,119,7.27,7.64,3,Yes,2,1,5,No
CLG0016,102,6.58,6.12,9,No,1,7,5,No
CLG0092,131,9.71,10.19,10,Yes,9,9,3,Yes
CLG0049,89,9.25,9.74,9,Yes,1,10,3,Yes
CLG0090,126,9.22,9.32,7,No,7,8,1,Yes
CLG0075,102,7.56,7.39,7,No,0,5,0,No
CLG0023,90,8.95,8.67,1,No,8,8,4,Yes
CLG0094,92,5.9,5.68,10,Yes,6,9,4,No
CLG0060,95,7.87,7.42,8,No,0,7,2,No
CLG0095,106,9.92,9.9,2,No,4,10,0,No
CLG0066,107,6.45,6.01,8,No,4,3,2,No
CLG0020,91,8.97,9.19,2,No,1,9,4,Yes
CLG0093,99,7.45,7.32,1,No,0,5,1,No
CLG0074,132,5.2,4.9,8,No,6,8,5,Yes
CLG0018,125,8.82,8.86,4,No,8,1,0,No
CLG0059,106,5.84,6.31,10,Yes,7,1,0,No
CLG0031,100,8.16,8.36,6,Yes,6,3,2,No
CLG0004,101,5.43,5.42,10,No,3,2,2,No
CLG0027,109,9.73,10.01,10,Yes,9,5,1,No
CLG0018,84,6.46,6.7,1,Yes,6,9,0,No
CLG0063,96,6.13,6.52,9,Yes,7,9,4,No
CLG0095,74,5.65,5.35,7,Yes,8,8,4,No
CLG0071,105,9.73,10.09,5,Yes,8,5,3,No
CLG0019,109,8.56,8.36,6,Yes,4,3,4,No
CLG0039,92,8.71,9.15,3,Yes,4,6,5,No
CLG0066,123,7.5,7.28,9,No,5,8,5,Yes
CLG0078,81,7.37,7.8,2,Yes,7,6,3,No
CLG0100,78,5.55,6.01,10,No,2,7,3,No
CLG0046,103,7.8,7.45,1,No,2,7,2,No
CLG0092,115,6.23,6.7,1,No,10,7,4,No
CLG0038,125,9.89,9.48,10,Yes,4,9,3,Yes
CLG0067,93,8.98,8.7,2,Yes,10,9,4,Yes
CLG0029,116,7.06,7,6,Yes,0,1,4,No
CLG0091,99,5.76,6.25,6,No,4,3,4,No
CLG0057,97,8.93,8.92,9,No,8,5,1,No
CLG0048,113,5.61,5.66,10,Yes,4,4,3,No
CLG0052,109,5.95,6.14,4,No,6,1,5,No
CLG0048,76,6.06,6.53,8,Yes,9,1,4,No
CLG0061,122,7.78,8.06,4,Yes,8,4,2,Yes
CLG0067,120,8.94,8.66,3,No,7,5,1,No
CLG0048,90,6.57,6.37,4,No,4,4,3,No
CLG0094,105,5.42,5.02,1,No,1,2,0,No
CLG0082,107,7.32,7.46,9,Yes,4,5,3,No
CLG0008,103,8.74,8.42,5,No,9,10,1,No
CLG0074,91,6.11,5.87,7,No,7,3,2,No
CLG0086,89,6.1,6.49,3,Yes,10,7,1,No
CLG0088,99,9.74,9.57,5,No,0,4,4,No
CLG0067,117,9.77,9.84,10,No,9,2,5,Yes
CLG0014,108,9.95,9.85,4,Yes,3,8,5,Yes
CLG0047,94,9.04,8.61,7,No,0,10,1,No
CLG0024,111,5.94,5.8,5,No,4,2,0,No
CLG0091,57,6.06,5.97,2,No,1,7,0,No
CLG0062,117,6.7,7.1,3,Yes,1,8,4,Yes
CLG0058,73,6.59,6.41,8,No,6,10,4,No
CLG0034,94,9.78,9.66,3,No,3,3,0,No
CLG0031,83,8.95,9.23,7,Yes,1,6,5,No
CLG0048,80,8.62,8.88,5,No,10,4,2,No
CLG0091,117,5.93,6.23,7,No,2,2,5,No
CLG0045,92,9.55,10,10,No,2,8,5,Yes
CLG0029,105,9.14,9.44,9,No,1,2,1,No
CLG0029,99,5.82,5.73,7,Yes,6,9,0,No
CLG0063,107,9.36,9.68,6,Yes,0,9,4,Yes
CLG0048,101,6.36,6.37,1,No,8,8,4,No
CLG0012,80,5.4,5.18,4,No,4,10,2,No
CLG0078,114,8.28,8.08,8,Yes,3,3,3,Yes
CLG0027,92,8.27,7.99,1,No,2,8,4,No
CLG0047,76,5.47,5.11,6,No,2,5,2,No
CLG0066,93,6.59,6.27,2,Yes,2,10,0,No
CLG0037,122,9.96,9.52,9,Yes,0,5,3,Yes
CLG0045,112,8.39,8.78,8,No,1,2,0,No
CLG0057,94,8.65,9.08,9,No,10,3,2,No
CLG0018,94,6.06,6.15,9,No,6,8,0,No
CLG0013,95,5.39,5.73,2,Yes,2,1,1,No
CLG0073,131,6.38,6.06,2,No,5,4,2,No
CLG0029,105,6.24,6.64,9,Yes,3,6,3,No
CLG0056,106,6.17,6.18,2,No,9,9,4,No
CLG0074,115,5.96,5.53,4,No,4,8,0,No
CLG0020,103,7.87,7.51,2,Yes,7,10,2,No
CLG0029,96,6.64,6.45,1,No,1,5,0,No
CLG0006,97,9.1,8.64,10,Yes,9,7,5,No
CLG0026,98,5.92,5.73,7,No,4,8,2,No
CLG0061,99,7.32,6.88,5,No,1,9,5,No
CLG0086,110,5.07,4.81,3,No,8,3,2,No
CLG0043,100,7.41,7.18,8,No,1,8,5,No
CLG0047,110,5.28,5.77,5,Yes,0,3,3,No
CLG0026,98,9.89,9.63,1,No,3,1,0,No
CLG0081,101,8.95,8.69,9,No,6,4,0,No
CLG0001,70,7.45,7.64,5,Yes,1,7,2,No
CLG0095,113,5.43,5.79,3,No,10,9,1,No
CLG0073,105,7.96,7.85,6,No,9,10,4,No
CLG0026,114,8.79,9.17,8,No,8,7,4,Yes
CLG0064,56,5.95,5.79,2,No,0,10,1,No
CLG0062,131,7.84,7.54,3,No,0,5,3,No
CLG0006,97,9.07,8.9,7,No,7,1,5,No
CLG0062,116,8.84,8.95,2,No,4,1,1,No
CLG0066,84,9.01,8.88,5,No,8,9,5,Yes
CLG0042,109,9.4,9.57,9,Yes,7,4,1,No
CLG0027,84,9.69,9.43,7,Yes,5,3,3,No
CLG0065,90,7.03,7.23,3,No,3,5,2,No
CLG0030,128,7.84,7.69,2,No,5,7,5,No
CLG0082,97,8.95,8.91,10,No,1,7,0,No
CLG0098,103,8.49,8.55,9,No,4,5,5,No
CLG0085,113,9.98,10.17,9,Yes,9,8,5,Yes
CLG0065,107,5.07,4.81,9,No,2,5,4,No
CLG0047,102,6.78,7.12,10,No,2,10,5,No
CLG0032,105,6.41,6.63,3,Yes,0,4,4,No
CLG0034,136,6.31,6.04,1,Yes,10,6,4,No
CLG0047,99,6.11,6.58,9,Yes,7,3,1,No
CLG0014,103,8.55,8.71,7,No,9,4,2,No
CLG0005,115,5.42,5.37,2,No,2,8,2,Yes
CLG0036,116,8.71,8.37,6,No,0,10,5,Yes
CLG0096,117,8.47,8.5,9,No,3,10,1,Yes
CLG0009,109,6.25,5.91,8,Yes,0,3,3,No
CLG0035,82,6.26,6.19,6,No,0,10,3,No
CLG0025,124,8.14,8.05,6,Yes,0,3,2,Yes
CLG0075,82,8.81,9.03,8,No,1,6,1,No
CLG0046,104,9.38,9.07,9,Yes,0,8,5,Yes
CLG0013,88,9.26,9.58,8,No,5,10,4,Yes
CLG0061,99,9.82,9.65,1,Yes,6,2,0,No
CLG0030,104,7.91,7.85,2,Yes,0,1,2,No
CLG0098,104,9.54,9.81,6,No,9,10,4,Yes
CLG0032,106,9.04,9.17,8,Yes,0,1,2,No
CLG0030,124,9.47,9.28,4,No,10,7,0,No
CLG0082,106,5.06,4.95,4,Yes,9,2,5,No
CLG0056,96,9.83,9.64,2,No,8,9,3,Yes
CLG0067,114,7.37,7.46,10,No,8,10,2,Yes
CLG0071,117,8.99,8.82,1,No,0,4,5,Yes
CLG0055,81,5.64,5.87,10,No,10,7,1,No
CLG0098,108,6.98,7.06,9,No,7,5,3,No
CLG0008,110,6.36,6.01,7,No,2,5,3,No
CLG0043,95,6.46,6.27,9,Yes,6,7,4,No
CLG0048,120,5.62,5.34,2,Yes,0,9,1,No
CLG0058,97,9.03,8.92,10,No,6,4,5,No
CLG0032,101,5.05,5.07,5,Yes,10,9,2,No
CLG0078,97,6.56,6.57,2,Yes,0,9,2,No
CLG0069,100,5.87,6.12,10,No,2,8,1,No
CLG0007,83,7.95,7.64,7,No,6,1,3,No
CLG0074,78,6.27,6.72,9,Yes,0,10,2,No
CLG0020,123,6.29,6.13,3,No,8,9,2,Yes
CLG0062,87,7.44,7.24,1,Yes,4,3,2,No
CLG0021,85,8.26,8.45,4,No,1,8,0,No
CLG0092,67,5.61,5.92,4,No,3,5,1,No
CLG0029,90,5.88,5.76,6,Yes,7,6,0,No
CLG0070,80,6.24,6.49,5,No,3,3,0,No
CLG0038,124,9.87,10.25,5,No,9,7,4,Yes
CLG0042,115,6.99,7.26,9,No,4,2,2,No
CLG0003,89,7.99,7.52,1,No,1,3,0,No
CLG0037,133,6.21,6.54,8,Yes,4,2,1,No
CLG0017,114,7.45,7.72,8,No,6,9,4,Yes
CLG0033,95,5.37,5.54,8,No,8,3,4,No
CLG0010,62,5.17,5.43,3,Yes,7,8,5,No
CLG0037,134,7.34,7.82,10,No,9,6,3,No
CLG0033,79,6.99,6.92,8,No,10,1,3,No
CLG0028,75,5.68,5.25,2,Yes,5,6,4,No
CLG0087,115,8.44,8.4,8,Yes,8,8,1,Yes
CLG0042,136,9.96,9.51,8,No,6,10,0,Yes
CLG0058,120,6.98,6.77,3,No,2,3,3,No
CLG0048,108,8.12,8.21,4,Yes,10,7,0,No
CLG0051,108,9.81,9.62,9,No,0,6,1,No
CLG0010,112,9.16,9.35,9,No,4,1,0,No
CLG0008,111,7.32,7.64,10,Yes,8,2,4,No
CLG0016,104,8.69,8.61,9,No,7,5,3,No
CLG0096,101,5.64,6.04,10,Yes,5,7,1,No
CLG0062,99,7.56,7.14,6,No,7,4,4,No
CLG0049,88,6.4,6.74,1,No,7,6,1,No
CLG0089,95,5.81,6.14,8,Yes,2,2,5,No
CLG0015,74,7.13,6.95,9,No,5,5,3,No
CLG0016,98,5.66,5.46,8,Yes,6,10,0,No
CLG0081,85,8.49,8.3,1,No,1,3,1,No
CLG0027,83,7.28,7.59,6,No,10,1,3,No
CLG0047,102,7.66,7.99,9,Yes,6,6,5,No
CLG0026,120,5.73,5.56,9,Yes,9,9,5,Yes
CLG0072,113,5.7,5.79,7,Yes,5,10,4,Yes
CLG0041,76,7.92,7.56,7,Yes,1,8,3,No
CLG0011,85,9.93,9.9,4,No,1,4,0,No
CLG0091,114,5.48,5.98,7,No,5,8,3,Yes
CLG0009,85,6.43,6.09,10,No,2,5,4,No
CLG0054,96,9.35,9.8,5,No,5,3,4,No
CLG0011,108,5.36,5.68,10,Yes,8,4,1,No
CLG0007,85,9.38,9.85,5,Yes,9,7,4,No
CLG0028,101,7.62,7.3,1,Yes,0,5,2,No
CLG0094,79,7.04,6.75,2,Yes,2,4,4,No
CLG0062,90,6.55,6.07,9,No,1,3,0,No
CLG0055,104,6.49,6.71,2,Yes,10,3,4,No
CLG0036,76,6.53,6.67,10,No,2,10,1,No
CLG0073,106,9.42,9.1,2,Yes,1,6,4,No
CLG0099,99,8.62,8.91,9,No,2,8,3,Yes
CLG0063,108,8.35,8.15,3,Yes,3,4,5,No
CLG0051,103,8.99,8.62,2,No,6,1,5,No
CLG0077,120,6.29,6.21,7,Yes,1,4,3,No
CLG0048,101,8.09,7.68,9,Yes,1,5,3,No
CLG0068,93,7.3,7.06,6,Yes,1,8,2,No
CLG0010,101,8.91,8.78,7,Yes,5,7,1,No
CLG0026,108,6.55,6.9,3,Yes,7,2,3,No
CLG0067,100,8.22,8.51,3,Yes,3,9,3,Yes
CLG0053,100,9.41,9.35,8,No,9,3,5,No
CLG0043,89,7.01,7.23,7,Yes,2,9,3,No
CLG0017,90,5.33,5.4,5,No,8,1,5,No
CLG0027,78,7.58,7.42,6,No,0,9,5,No
CLG0022,126,6.73,6.96,9,No,9,7,1,No
CLG0036,81,8.36,8.54,3,No,1,2,5,No
CLG0072,89,9.76,9.88,3,No,6,10,3,Yes
CLG0033,89,7.43,7.55,6,Yes,2,7,2,No
CLG0090,113,7.33,7.51,8,Yes,8,1,3,No
CLG0095,95,8.27,8.15,5,No,0,3,0,No
CLG0053,118,5.52,5.89,1,Yes,8,7,2,No
CLG0011,89,6.27,5.93,3,No,5,3,0,No
CLG0093,104,9.59,9.97,8,No,0,2,3,No
CLG0029,87,8.35,8.19,4,No,8,5,3,No
CLG0038,132,5.07,4.7,9,Yes,8,3,1,No
CLG0058,82,6.02,6.12,6,Yes,9,9,5,No
CLG0015,104,8.41,8.29,10,Yes,10,7,0,No
CLG0054,109,8.82,9.14,4,No,4,1,0,No
CLG0062,106,9.2,9.13,4,No,6,1,4,No
CLG0057,97,6.46,6.63,10,No,2,6,4,No
CLG0079,98,9.66,9.47,5,Yes,7,4,4,No
CLG0071,100,7.76,7.47,7,Yes,2,1,4,No
CLG0058,97,8.48,8.37,7,No,9,9,0,No
CLG0049,114,7.98,8.09,10,Yes,6,2,1,No
CLG0053,133,5.61,5.77,7,Yes,3,1,4,No
CLG0029,91,9.82,9.9,5,Yes,4,3,0,No
CLG0033,79,5.61,6.1,9,Yes,6,10,1,No
CLG0046,98,6.27,6.46,2,No,1,1,1,No
CLG0054,138,9.07,9.5,8,Yes,3,4,4,Yes
CLG0080,87,8.09,7.71,10,No,6,4,0,No
CLG0098,124,9.19,8.75,8,Yes,2,6,2,Yes
CLG0085,125,7.58,7.39,3,No,3,3,0,No
CLG0007,91,6.88,6.52,5,No,9,9,1,No
CLG0029,108,9.61,9.64,8,Yes,7,6,3,No
CLG0009,124,5.18,5.2,10,Yes,2,7,4,No
CLG0049,94,9.28,9.36,9,Yes,8,6,1,No
CLG0071,96,6.15,6.4,7,No,4,9,2,No
CLG0078,91,9.24,9.71,4,No,1,2,2,No
CLG0094,84,5.7,6.08,4,No,7,8,2,No
CLG0088,90,7.9,7.52,3,Yes,9,5,2,No
CLG0051,81,9.44,9.28,8,No,7,2,5,No
CLG0098,100,7.37,7.13,6,Yes,0,7,0,No
CLG0008,88,8.73,8.41,10,Yes,8,5,1,No
CLG0055,103,9.02,9.06,6,No,1,8,2,Yes
CLG0065,76,8.68,8.73,10,No,3,10,1,No
CLG0098,104,9.63,9.36,10,Yes,5,6,1,No
CLG0084,112,7.23,7.44,9,Yes,8,7,3,No
CLG0095,70,5.87,6.1,3,No,0,1,0,No
CLG0079,105,5.24,4.76,4,No,8,2,3,No
CLG0015,118,6.23,6.13,3,No,7,9,4,Yes
CLG0051,81,5.72,6.11,3,Yes,6,7,4,No
CLG0034,125,7.79,7.81,1,No,1,7,5,No
CLG0069,106,5.92,5.77,10,Yes,6,4,4,No
CLG0086,89,5.19,4.94,6,No,1,4,3,No
CLG0012,99,5.18,4.92,9,Yes,8,3,1,No
CLG0045,108,9.16,8.76,5,Yes,3,10,5,Yes
CLG0031,101,7.96,8.28,10,No,1,4,4,No
CLG0054,108,6.79,6.38,2,No,4,10,5,No
CLG0093,86,9.47,9.26,10,Yes,8,6,4,No
CLG0022,102,5.35,4.9,4,No,3,3,3,No
CLG0072,78,9.9,10.18,6,No,4,10,1,No
CLG0064,98,8.08,7.62,7,Yes,7,8,4,No
CLG0060,86,5.92,5.73,7,No,2,1,0,No
CLG0028,88,8.4,8.47,4,No,5,6,4,No
CLG0021,118,8.82,8.73,10,Yes,0,2,3,Yes
CLG0075,116,7.15,6.93,10,No,2,1,3,No
CLG0075,109,9.31,9.09,5,No,7,4,0,No
CLG0087,83,5.75,6.05,4,No,9,6,1,No
CLG0077,95,6.39,6.86,10,No,9,7,0,No
CLG0043,118,5.47,5.32,6,No,5,1,5,No
CLG0027,102,6.05,5.59,7,Yes,9,3,4,No
CLG0023,134,6.19,5.73,2,No,3,6,3,No
CLG0097,105,9.59,9.85,10,No,7,6,1,No
CLG0090,102,5.39,5.44,3,Yes,2,10,4,No
CLG0036,95,7.14,7.42,8,No,1,6,0,No
CLG0097,102,7.66,7.86,7,Yes,9,7,5,No
CLG0038,97,9.49,9.9,1,No,7,7,4,No
CLG0016,110,9.99,10.38,4,No,3,10,0,No
CLG0074,114,8.77,9.06,5,No,8,8,2,Yes
CLG0043,88,9.85,9.83,3,Yes,10,2,2,No
CLG0041,80,8.94,8.75,4,No,2,10,3,Yes
CLG0044,72,9.82,9.83,10,No,8,1,1,No
CLG0052,107,8.54,8.54,10,No,9,10,3,Yes
CLG0017,83,5.4,5.51,10,Yes,5,7,4,No
CLG0052,67,7.01,6.7,7,No,4,1,5,No
CLG0043,105,8.23,8.39,8,Yes,1,2,2,No
CLG0023,137,6.75,6.71,9,No,10,1,3,No
CLG0001,99,6.37,6.49,2,No,5,1,0,No
CLG0093,112,7.89,7.63,4,No,3,3,1,No
CLG0025,101,9.67,9.6,1,No,4,4,2,No
CLG0006,98,5.17,4.88,3,No,10,5,1,No
CLG0074,113,8.85,9.23,8,No,5,5,1,No
CLG0054,95,8.61,8.6,7,No,6,2,2,No
CLG0078,104,9.82,9.54,8,Yes,3,3,0,No
CLG0023,104,9.65,9.19,6,No,10,8,5,Yes
CLG0019,89,8.81,8.99,5,Yes,7,2,0,No
CLG0056,114,7.6,7.31,10,No,4,4,0,No
CLG0053,97,6.02,6.51,9,Yes,6,7,1,No
CLG0031,88,7.73,7.76,5,Yes,5,9,0,No
CLG0038,108,8.83,8.62,9,No,10,3,4,No
CLG0019,86,9.48,9.64,4,No,10,3,5,No
CLG0001,100,8.95,8.73,5,Yes,4,7,4,No
CLG0077,99,5.98,6.3,1,Yes,6,8,0,No
CLG0050,116,8,7.81,6,Yes,10,4,0,No
CLG0098,107,6.66,7.15,3,No,3,1,2,No
CLG0058,99,5.05,5.16,10,Yes,6,5,2,No
CLG0081,112,6,6.34,2,No,2,4,3,No
CLG0032,120,5.57,5.14,6,Yes,7,8,1,No
CLG0049,108,9.21,9.06,1,No,9,7,1,No
CLG0098,100,6.29,6.53,9,No,3,2,2,No
CLG0097,80,6.42,6.58,5,Yes,3,6,4,No
CLG0092,84,9.8,9.49,7,Yes,0,4,3,No
CLG0044,95,6.9,6.76,10,No,7,7,2,No
CLG0029,90,5.05,4.81,9,No,4,9,5,No
CLG0088,97,6.42,6.53,9,No,8,7,5,No
CLG0048,100,5.6,5.44,7,No,2,2,3,No
CLG0080,107,5.51,5.32,4,Yes,4,8,1,No
CLG0077,98,5.39,5.1,4,Yes,3,6,5,No
CLG0026,107,7.97,7.88,7,Yes,10,9,1,No
CLG0007,100,5.95,5.65,8,Yes,6,7,5,No
CLG0044,70,6.81,7.27,7,No,9,5,1,No
CLG0014,85,9.31,8.96,10,No,4,8,4,Yes
CLG0052,97,7.12,7.53,4,No,1,7,2,No
CLG0032,81,9.58,9.51,4,Yes,5,1,5,No
CLG0075,108,7.49,7.37,8,Yes,3,5,5,No
CLG0032,122,6.99,6.72,9,Yes,5,7,5,No
CLG0075,118,8.75,8.89,7,No,0,10,3,Yes
CLG0084,96,5.37,5.56,3,No,10,7,2,No
CLG0057,122,5.45,5.42,10,Yes,0,3,1,No
CLG0052,102,8.26,7.82,1,No,3,5,1,No
CLG0034,94,7.43,7.85,5,No,6,8,2,No
CLG0061,90,8.95,9.43,6,No,10,9,0,No
CLG0062,95,9.58,9.51,9,Yes,6,9,0,No
CLG0086,94,6.94,7.05,5,No,0,10,2,No
CLG0087,102,7.98,7.93,1,Yes,4,5,1,No
CLG0093,102,7.5,7.32,4,No,5,2,5,No
CLG0076,100,9.91,9.49,2,Yes,4,8,3,Yes
CLG0031,106,9.16,9.12,4,No,6,7,0,No
CLG0029,117,9.56,9.88,7,No,5,4,5,Yes
CLG0031,114,6.27,5.79,9,No,4,5,5,No
CLG0012,77,8.86,8.94,3,Yes,4,10,5,Yes
CLG0035,61,6.33,6.71,3,No,8,10,2,No
CLG0057,114,6.04,5.76,4,No,2,2,4,No
CLG0041,79,9.72,9.4,7,Yes,8,9,2,Yes
CLG0027,96,5.1,5.37,6,No,10,6,1,No
CLG0015,82,9.83,9.59,5,Yes,1,9,2,Yes
CLG0094,72,5.75,5.44,4,No,9,8,0,No
CLG0071,108,9.1,8.98,8,Yes,6,1,0,No
CLG0036,111,6.38,6.27,4,No,5,9,5,Yes
CLG0024,91,6.75,7.12,3,Yes,7,9,2,No
CLG0082,61,6.08,6.2,7,Yes,8,4,5,No
CLG0024,91,7.93,7.84,2,No,5,1,3,No
CLG0096,105,6.74,6.77,4,No,1,4,2,No
CLG0076,77,8.29,8.74,8,No,9,6,3,No
CLG0028,102,5.08,4.69,4,Yes,3,4,0,No
CLG0075,99,5.32,5.03,10,No,2,9,4,No
CLG0003,108,5.5,5.96,7,Yes,2,4,3,No
CLG0003,101,7.09,7.55,2,Yes,4,10,2,No
CLG0029,85,9.07,8.75,5,No,9,8,1,No
CLG0032,117,9.44,9.09,4,No,0,2,1,No
CLG0054,97,6.22,6.14,9,Yes,8,7,2,No
CLG0038,99,7.87,7.42,7,Yes,3,8,0,No
CLG0095,86,8.84,8.99,9,Yes,6,6,0,No
CLG0056,93,6.44,6.02,10,No,6,10,0,No
CLG0065,86,7.05,6.61,7,No,6,6,2,No
CLG0021,97,7.62,7.61,2,No,10,8,1,No
CLG0041,125,5.67,6.13,2,No,4,3,4,No
CLG0020,79,5.13,5.06,2,No,3,2,1,No
CLG0060,75,5.76,5.62,5,No,3,9,0,No
CLG0075,122,8.13,8.63,1,No,4,8,2,Yes
CLG0059,96,5.37,5.4,7,No,5,10,2,No
CLG0074,89,5.95,5.83,2,Yes,9,5,4,No
CLG0055,115,6.69,6.58,4,Yes,6,5,1,No
CLG0003,90,5.39,5.08,9,No,4,6,0,No
CLG0014,127,5.96,5.97,8,Yes,8,6,4,No
CLG0045,110,9.56,9.5,10,Yes,8,2,0,No
CLG0095,92,5.1,4.87,2,Yes,0,7,1,No
CLG0099,132,8.27,7.93,4,No,4,3,4,No
CLG0060,90,6.92,6.73,4,No,1,8,0,No
CLG0049,111,8.36,8.37,2,Yes,3,9,3,Yes
CLG0009,104,7.94,7.5,2,No,10,3,2,No
CLG0054,119,6.12,5.77,5,No,6,6,1,No
CLG0070,123,9.24,9.69,4,No,9,8,2,Yes
CLG0093,100,7.46,7.5,8,No,5,6,0,No
CLG0052,88,9.11,8.67,4,Yes,6,10,4,Yes
CLG0063,106,7.03,7.22,8,Yes,2,3,0,No
CLG0052,89,9.92,9.48,5,No,4,4,5,No
CLG0022,130,8.85,9.09,1,No,5,9,3,Yes
CLG0055,102,9.83,10.08,9,No,10,1,3,No
CLG0003,94,7.57,7.72,8,No,5,4,1,No
CLG0002,102,7.37,7.6,1,Yes,5,10,2,No
CLG0059,79,8.78,8.37,3,No,8,1,5,No
CLG0028,85,9.4,9.63,3,Yes,5,8,0,No
CLG0037,118,9.82,9.46,5,Yes,1,7,5,Yes
CLG0069,90,6.62,6.46,7,No,8,7,3,No
CLG0009,84,8.99,9.43,1,No,3,2,4,No
CLG0062,108,6.05,6.05,1,No,6,10,0,No
CLG0032,117,7.73,8.2,10,No,5,6,1,No
CLG0081,110,5.9,5.49,6,No,8,8,4,No
CLG0075,114,6.74,6.72,5,Yes,9,8,2,Yes
CLG0035,88,9.66,9.22,3,Yes,2,5,1,No
CLG0047,78,5.73,5.86,3,No,7,8,2,No
CLG0018,122,8.16,7.74,4,No,4,2,2,No
CLG0036,95,7.96,7.64,10,Yes,5,4,3,No
CLG0019,96,5.6,5.36,2,No,2,10,5,No
CLG0025,119,6.63,6.88,9,No,2,2,2,No
CLG0046,108,7.81,7.47,4,No,6,5,4,No
CLG0060,106,5.94,6.29,10,No,5,3,4,No
CLG0095,132,9,8.63,3,No,1,6,4,Yes
CLG0023,90,9.86,9.4,10,No,9,7,5,No
CLG0078,113,6.07,5.97,7,No,7,6,0,No
CLG0027,100,5.93,6.41,9,No,4,2,5,No
CLG0035,104,7.27,6.88,2,Yes,6,2,3,No
CLG0077,122,8.74,8.34,6,No,2,4,5,Yes
CLG0055,107,6.41,6.66,5,Yes,9,7,3,No
CLG0036,108,5.1,4.91,1,Yes,4,8,4,No
CLG0088,116,7.71,7.93,7,Yes,2,5,0,No
CLG0097,94,9.78,9.48,1,Yes,2,10,5,Yes
CLG0071,87,6.96,6.92,10,Yes,0,1,2,No
CLG0009,84,7.1,6.87,9,No,10,9,2,No
CLG0021,70,9.84,9.79,4,No,2,8,2,Yes
CLG0032,130,8.47,8.74,8,Yes,6,1,3,Yes
CLG0066,83,8.6,8.86,1,No,10,9,2,Yes
CLG0044,96,7.81,7.83,5,No,8,5,0,No
CLG0089,95,9.87,10.3,3,Yes,0,8,0,No
CLG0065,104,8.44,8.2,4,No,3,10,5,Yes
CLG0075,112,9.48,9.22,4,No,9,10,5,Yes
CLG0080,112,8.5,8.61,8,No,6,2,2,Yes
CLG0087,91,8.68,8.8,10,Yes,5,7,3,No
CLG0015,97,6.45,6,10,No,3,9,1,No
CLG0027,104,6.52,6.63,3,No,10,7,4,No
CLG0016,96,8.91,8.78,1,No,2,9,2,Yes
CLG0046,124,6.48,6.73,5,No,5,4,2,No
CLG0097,107,7.81,8.12,2,No,3,5,5,No
CLG0072,111,6.25,6.3,6,Yes,4,7,4,No
CLG0048,109,9.08,8.58,4,No,1,1,1,No
CLG0065,117,5.55,5.69,9,No,8,2,5,No
CLG0019,102,9.15,9.4,7,No,1,2,2,No
CLG0090,80,8.01,7.76,2,No,3,10,2,No
CLG0037,105,5.93,5.89,7,Yes,7,9,1,No
CLG0058,90,7.71,8.18,10,No,6,3,4,No
CLG0055,92,6.41,6.21,8,No,3,9,0,No
CLG0053,108,6.62,6.34,3,Yes,7,1,2,No
CLG0047,118,6.76,6.47,3,Yes,10,3,2,No
CLG0003,100,5.32,5.38,2,No,5,10,5,No
CLG0088,104,9.93,10.38,1,No,7,2,3,No
CLG0086,125,5.16,5.27,3,No,3,2,1,No
CLG0062,103,8.31,8.11,10,No,4,1,2,No
CLG0001,139,6.86,7,7,Yes,3,6,3,No
CLG0039,108,8.23,8.35,9,No,6,5,5,No
CLG0073,73,6.78,6.88,9,No,3,5,5,No
CLG0033,111,8.37,8.03,6,No,4,9,0,Yes
CLG0023,105,8.65,8.78,6,Yes,8,6,1,No
CLG0034,119,8.45,8.38,5,No,7,9,0,Yes
CLG0049,110,5.57,5.09,2,Yes,1,4,3,No
CLG0049,97,8.28,8.32,7,Yes,6,7,5,No
CLG0099,81,6.4,6.89,1,No,1,4,4,No
CLG0049,96,5.14,4.99,6,Yes,9,1,5,No
CLG0010,87,7.07,7.54,4,No,2,4,1,No
CLG0096,91,7.17,6.77,3,No,0,2,4,No
CLG0066,108,7.34,7.57,1,No,1,5,3,No
CLG0071,125,8.52,8.13,6,Yes,2,2,1,No
CLG0088,105,6.54,6.31,7,Yes,4,2,2,No
CLG0067,82,6.58,6.65,1,No,5,4,3,No
CLG0076,106,5.3,5.39,1,No,6,7,5,No
CLG0039,117,8.43,8.71,7,Yes,4,3,3,Yes
CLG0042,90,7.84,7.96,6,No,4,7,0,No
CLG0100,97,6.75,6.84,7,Yes,10,9,4,No
CLG0091,100,8.53,8.94,8,No,7,3,5,No
CLG0001,88,7.69,7.64,8,No,0,4,5,No
CLG0046,109,7.35,7.08,9,Yes,8,1,1,No
CLG0036,98,7.56,7.22,9,No,2,7,5,No
CLG0096,106,8.18,8.08,7,No,10,1,1,No
CLG0091,86,8.3,8.51,9,No,5,3,2,No
CLG0044,93,6.44,5.98,6,Yes,3,9,1,No
CLG0031,110,5.7,5.33,9,Yes,1,5,2,No
CLG0097,94,5.78,5.39,2,No,5,10,1,No
CLG0058,125,8.2,8.29,2,No,9,10,5,Yes
CLG0096,94,9.36,9.1,6,Yes,7,2,0,No
CLG0004,103,7.05,6.72,3,Yes,3,9,5,No
CLG0053,113,5.85,5.94,2,No,7,6,3,No
CLG0089,78,8.78,9.04,8,No,6,9,1,No
CLG0093,73,9.16,8.99,7,Yes,0,4,3,No
CLG0057,77,9.4,9.48,8,Yes,4,6,4,No
CLG0073,118,8.03,7.63,6,No,7,7,3,No
CLG0078,91,9.3,9.74,9,No,5,6,4,No
CLG0050,138,5.08,4.92,9,Yes,8,4,1,No
CLG0005,91,5.54,6.04,2,No,10,8,0,No
CLG0052,102,5.46,5.94,10,No,6,6,0,No
CLG0017,123,8.56,8.84,5,No,1,2,3,Yes
CLG0032,130,5.35,4.87,9,Yes,0,6,0,No
CLG0006,130,7.48,7.52,3,Yes,8,1,4,No
CLG0069,118,7.36,6.95,5,Yes,4,9,0,No
CLG0093,115,6.55,6.95,8,Yes,1,10,0,No
CLG0092,108,9.35,9.64,2,Yes,10,7,5,No
CLG0061,111,5.85,6.32,6,Yes,3,8,5,Yes
CLG0010,91,6.76,6.87,4,Yes,9,4,0,No
CLG0023,87,8.87,8.89,6,No,5,8,2,Yes
CLG0053,99,5.15,5.17,3,No,8,1,2,No
CLG0061,97,8.36,8.25,6,Yes,7,4,3,No
CLG0019,93,9.08,9.05,7,No,5,6,5,No
CLG0004,110,9.66,9.8,10,No,3,10,1,No
CLG0046,114,9.38,9.81,3,Yes,9,7,5,Yes
CLG0032,101,6.6,6.7,5,Yes,4,3,1,No
CLG0084,122,7.93,8.29,8,No,10,10,4,Yes
CLG0046,82,5.39,5.75,2,Yes,10,10,4,No
CLG0062,97,6.29,6.31,7,No,3,2,3,No
CLG0092,89,5.47,5.32,1,No,3,9,2,No
CLG0054,72,6.58,6.72,7,Yes,7,1,0,No
CLG0100,98,9.38,9.33,1,No,3,10,2,Yes
CLG0087,98,6.74,6.32,4,Yes,10,1,5,No
CLG0067,122,7.81,7.69,4,Yes,2,10,2,Yes
CLG0024,109,7.17,7.66,5,No,1,2,5,No
CLG0066,84,7.29,6.84,2,No,9,5,3,No
CLG0018,127,9.85,10.05,6,Yes,0,1,2,Yes
CLG0096,118,6.48,6.82,6,Yes,4,6,1,No
CLG0048,108,8.14,8.29,8,No,3,8,2,Yes
CLG0046,96,7.1,7.17,10,No,9,10,1,No
CLG0048,85,5.31,5.52,1,No,8,2,4,No
CLG0062,94,7.45,7.38,4,Yes,8,5,4,No
CLG0094,116,9.07,8.66,2,Yes,10,3,5,Yes
CLG0027,128,5.49,5.95,8,No,4,2,3,No
CLG0062,123,5.35,5.28,4,Yes,4,6,0,No
CLG0078,92,5.77,5.94,8,Yes,5,1,2,No
CLG0065,83,8.82,8.85,2,No,3,8,0,No
CLG0052,102,8.62,8.17,4,Yes,5,6,1,No
CLG0001,73,7.83,8.28,9,Yes,7,4,0,No
CLG0050,104,7.34,7.63,5,Yes,4,5,2,No
CLG0040,97,9.44,9.09,6,No,7,2,5,No
CLG0072,93,8.83,9.31,10,No,7,8,0,No
CLG0017,76,9.06,9.3,9,No,2,6,0,No
CLG0001,107,9.07,9.04,9,No,5,6,0,No
CLG0078,92,8.21,8.32,7,No,0,3,3,No
CLG0077,82,7.29,6.9,2,No,4,1,0,No
CLG0030,56,9.32,9.38,7,Yes,6,8,2,Yes
CLG0077,99,9.63,9.2,9,No,4,7,5,No
CLG0067,126,5.12,5.16,2,Yes,2,1,2,No
CLG0022,124,5.26,5.31,7,No,1,8,0,No
CLG0035,93,9.79,10.16,7,No,1,10,3,Yes
CLG0056,90,6.39,6.62,3,Yes,8,2,1,No
CLG0014,107,9.37,9.12,6,No,1,8,0,No
CLG0045,85,6.94,7.33,8,No,6,5,3,No
CLG0086,104,5.6,5.67,10,Yes,8,8,4,No
CLG0033,111,5.4,5.51,8,Yes,2,6,2,No
CLG0012,118,5.78,5.45,3,Yes,6,2,4,No
CLG0024,98,6.25,6.61,6,No,0,7,2,No
CLG0069,96,7.44,7.87,2,No,5,6,1,No
CLG0057,86,8.51,8.78,2,No,10,4,5,No
CLG0009,87,9.93,10.37,8,Yes,1,9,3,Yes
CLG0002,96,7.21,7.01,10,Yes,9,4,1,No
CLG0059,105,7.59,7.95,5,No,0,1,4,No
CLG0095,113,7.61,7.6,5,No,4,3,3,No
CLG0029,87,7.7,7.36,4,No,5,8,4,No
CLG0093,122,7.59,7.76,10,Yes,10,3,0,No
CLG0100,95,5.04,5.22,4,Yes,1,7,4,No
CLG0055,99,5.01,4.8,8,No,3,1,1,No
CLG0094,88,5.49,5.02,3,Yes,2,4,1,No
CLG0022,63,5.51,5.21,3,Yes,0,4,0,No
CLG0085,113,8.52,8.42,8,Yes,0,9,3,Yes
CLG0049,111,6.02,5.69,3,No,2,1,4,No
CLG0012,95,9.47,9.16,2,Yes,1,9,5,Yes
CLG0071,101,9.64,9.53,5,Yes,1,10,4,Yes
CLG0089,107,9.88,10.34,3,Yes,9,8,4,Yes
CLG0008,76,9.7,9.96,6,Yes,4,10,3,Yes
CLG0097,92,6.36,6.18,7,No,4,6,1,No
CLG0016,111,7.55,8,3,No,6,4,0,No
CLG0040,81,5.88,6.03,9,No,4,6,5,No
CLG0045,104,9.03,8.99,10,Yes,2,6,3,No
CLG0064,79,9.44,9.41,1,Yes,9,2,0,No
CLG0063,106,9.26,9.17,7,Yes,5,7,2,No
CLG0051,99,7.17,6.9,4,Yes,2,9,0,No
CLG0010,75,8.79,8.68,7,No,7,8,2,Yes
CLG0076,117,5.49,5.52,9,No,5,3,0,No
CLG0086,88,5.2,5.23,9,Yes,6,8,2,No
CLG0071,87,8.77,9.03,1,Yes,2,4,4,No
CLG0045,103,7.13,6.99,10,Yes,10,10,5,No
CLG0085,117,9.98,10.2,4,No,6,1,3,Yes
CLG0056,84,5.49,5.57,7,No,8,3,4,No
CLG0086,100,9.28,9.74,10,No,7,1,1,No
CLG0073,106,7.4,7.29,6,No,10,5,3,No
CLG0084,110,9.14,9.54,9,No,1,10,4,Yes
CLG0013,102,9.09,9.41,7,Yes,9,9,0,No
CLG0064,94,9.58,9.72,3,No,9,7,3,No
CLG0088,87,6.49,6.64,7,No,1,3,0,No
CLG0030,101,9.75,9.33,10,No,6,7,4,No
CLG0052,83,5.76,6.21,5,Yes,9,8,3,No
CLG0054,56,5.41,5.02,2,Yes,3,4,4,No
CLG0057,106,7.16,7.22,10,Yes,8,3,1,No
CLG0018,113,9.14,8.97,3,Yes,5,2,4,Yes
CLG0025,64,7.37,7.3,6,No,8,8,5,No
CLG0053,84,9.15,9.26,6,No,10,3,1,No
CLG0020,109,8.65,9.06,7,No,2,7,4,No
CLG0011,130,6.05,6.01,6,No,5,2,3,No
CLG0040,100,9.74,10.23,9,No,5,5,0,No
CLG0098,89,5.3,5.39,5,Yes,7,5,3,No
CLG0023,97,9.49,9.15,5,Yes,6,9,4,Yes
CLG0090,120,6.52,6.21,8,No,2,8,5,Yes
CLG0087,90,7.5,7.72,8,Yes,0,8,4,No
CLG0042,88,7.11,6.66,1,No,1,10,4,No
CLG0047,92,5.86,5.84,3,No,10,2,2,No
CLG0056,85,6.79,6.44,6,No,9,2,1,No
CLG0033,101,5.96,5.89,6,No,1,10,0,No
CLG0089,124,6.02,6.27,1,Yes,0,7,1,No
CLG0098,104,5.94,5.9,2,No,3,4,4,No
CLG0026,96,7.45,7.11,10,No,5,3,4,No
CLG0069,95,8.99,8.74,7,No,3,3,1,No
CLG0029,76,7.84,7.71,1,No,3,7,1,No
CLG0094,113,9.47,9.04,10,Yes,10,1,5,Yes
CLG0060,98,8.18,8.26,5,Yes,8,4,1,No
CLG0091,97,8.45,8.56,1,No,1,6,2,No
CLG0037,147,8.34,7.9,6,Yes,0,9,1,No
CLG0025,104,7.25,7.15,7,Yes,6,1,4,No
CLG0074,88,8.45,8.36,8,No,4,1,0,No
CLG0044,93,5.35,5.18,3,No,4,2,3,No
CLG0034,117,9.3,9.36,3,No,1,7,5,Yes
CLG0012,101,8.89,8.74,1,No,5,7,1,No
CLG0093,78,6.23,6.15,3,No,4,5,1,No
CLG0039,113,8.84,9.14,5,No,4,4,1,No
CLG0019,89,5.06,4.72,6,No,5,10,5,No
CLG0019,128,6.09,6.21,3,Yes,1,6,0,No
CLG0029,116,5.33,5.34,4,Yes,4,8,1,No
CLG0066,93,8.9,8.71,5,Yes,10,7,1,No
CLG0090,119,8.78,9.01,5,No,0,2,5,Yes
CLG0098,101,9.07,9.12,9,Yes,7,2,1,No
CLG0094,112,5.02,5,8,No,0,6,0,No
CLG0076,107,7.51,7.68,1,No,6,1,3,No
CLG0020,87,8.52,8.82,2,No,5,5,5,No
CLG0057,90,5.78,6.25,5,No,7,1,5,No
CLG0097,115,8.25,8.38,3,No,4,7,4,Yes
CLG0009,94,5.42,5.79,7,Yes,10,3,0,No
CLG0002,93,5.91,5.41,6,Yes,5,9,1,No
CLG0028,85,7.38,7.41,2,Yes,3,5,2,No
CLG0034,106,8.27,7.98,8,Yes,9,1,0,No
CLG0021,130,5.73,5.32,5,Yes,9,10,1,No
CLG0083,83,5.93,5.96,6,Yes,0,4,5,No
CLG0078,100,6.02,6.27,8,Yes,10,8,1,No
CLG0081,121,6.19,6.1,6,No,6,7,4,No
CLG0056,98,6.13,6.3,10,No,1,6,0,No
CLG0005,106,6.98,6.97,3,No,0,9,0,No
CLG0085,84,8.27,8.21,7,No,0,4,5,No
CLG0022,106,7.19,6.98,4,Yes,0,10,4,No
CLG0059,97,8.88,8.76,6,Yes,1,1,5,No
CLG0040,114,8.6,8.45,6,Yes,0,10,2,Yes
CLG0084,117,5.63,5.78,5,No,3,6,2,No
CLG0092,138,5.24,4.86,1,No,9,4,3,No
CLG0063,108,9.39,8.98,8,No,9,1,3,No
CLG0032,104,5.4,5.56,10,Yes,10,10,4,No
CLG0045,102,5.74,5.79,2,No,6,3,5,No
CLG0083,94,5.11,5.04,4,Yes,9,1,0,No
CLG0092,105,8.14,7.79,3,No,2,5,1,No
CLG0087,95,7.91,7.82,6,No,8,8,2,No
CLG0033,102,9.93,10.22,1,No,1,2,5,No
CLG0082,119,9.43,9.82,9,No,1,6,0,No
CLG0035,84,7.05,7.25,5,Yes,6,6,5,No
CLG0046,117,6.86,6.42,5,No,8,5,3,No
CLG0036,119,6.48,6.65,4,No,5,7,2,No
CLG0062,98,5.76,5.5,4,Yes,10,1,1,No
CLG0083,68,5.69,5.51,1,No,0,10,5,No
CLG0090,90,5.66,5.36,9,Yes,5,4,3,No
CLG0100,119,5.57,5.85,9,Yes,3,6,1,No
CLG0026,99,6.2,6.35,4,No,4,4,3,No
CLG0007,85,6.53,6.64,10,No,3,6,1,No
CLG0087,92,9.81,9.98,10,Yes,2,2,5,No
CLG0005,112,7.89,7.63,4,Yes,1,9,2,Yes
CLG0087,108,9.94,9.88,7,No,1,4,5,No
CLG0100,96,6.86,6.99,4,No,9,5,4,No
CLG0032,94,7.29,7.43,1,Yes,10,7,1,No
CLG0079,94,6.62,6.91,9,No,3,8,2,No
CLG0091,86,5.91,5.7,2,Yes,2,1,0,No
CLG0081,124,5.72,5.99,5,No,10,7,0,No
CLG0084,95,9.73,9.67,4,Yes,5,10,3,Yes
CLG0057,118,9.93,10.1,8,No,9,9,5,Yes
CLG0080,122,5.22,5.18,6,No,2,2,5,No
CLG0062,114,5.75,6.2,7,No,2,2,4,No
CLG0028,93,7.12,6.8,2,No,3,4,3,No
CLG0095,106,5.93,6.11,4,No,4,1,5,No
CLG0080,99,6.82,6.9,4,Yes,10,9,5,No
CLG0078,86,5.65,5.32,2,No,8,5,1,No
CLG0074,104,7.28,6.85,10,Yes,10,3,4,No
CLG0066,82,6.36,6.66,4,No,4,6,1,No
CLG0097,117,6.76,6.42,9,No,0,7,5,No
CLG0041,93,5.47,5.16,8,Yes,8,4,2,No
CLG0086,103,7.14,7.62,1,No,1,2,4,No
CLG0066,104,9.92,10.14,8,No,3,5,0,No
CLG0064,96,6.64,6.39,9,Yes,9,7,2,No
CLG0007,108,9.38,9.47,8,No,5,10,2,Yes
CLG0041,92,9.22,9.25,10,No,8,10,1,No
CLG0045,113,9.76,10.1,1,Yes,1,3,3,Yes
CLG0044,79,8.95,9.18,8,No,8,2,5,No
CLG0030,101,8.3,8.63,5,Yes,8,2,1,No
CLG0038,129,9.28,8.99,9,No,0,4,2,Yes
CLG0039,84,5.38,5.52,9,No,10,4,4,No
CLG0019,89,7.31,6.85,6,No,5,5,0,No
CLG0047,107,9.95,9.52,3,No,5,3,2,No
CLG0038,102,8.85,9.06,7,Yes,8,1,3,No
CLG0017,105,9.81,9.33,3,Yes,5,4,5,No
CLG0074,107,8.9,8.98,7,No,1,1,3,No
CLG0079,109,9.37,9.71,8,No,7,8,5,Yes
CLG0069,116,8.53,8.41,5,No,0,5,5,Yes
CLG0099,106,8.8,8.34,5,No,4,2,4,No
CLG0004,96,7.62,7.83,4,No,9,5,3,No
CLG0035,110,9.62,10.05,3,No,2,5,4,No
CLG0001,128,9.13,9.35,8,No,10,1,3,Yes
CLG0081,98,9.22,9.3,6,No,5,5,1,No
CLG0085,85,8.37,8.1,6,No,4,8,5,Yes
CLG0058,116,6.52,6.04,2,No,9,10,0,No
CLG0022,98,5.18,5.37,4,No,3,2,5,No
CLG0005,67,9.68,9.41,5,No,2,8,0,No
CLG0060,112,7.93,8.29,10,Yes,0,8,2,Yes
CLG0036,91,6.49,6.46,5,No,7,1,2,No
CLG0009,98,5.75,5.78,3,No,10,4,1,No
CLG0084,104,9.15,9.4,10,No,4,5,5,No
CLG0057,102,9.18,9.46,5,No,7,10,1,No
CLG0078,110,9.07,9.21,5,Yes,8,8,0,No
CLG0084,93,8.23,8.67,2,No,7,3,2,No
CLG0090,107,6.83,7.31,5,No,5,1,2,No
CLG0004,96,6.52,6.97,3,No,9,7,5,No
CLG0051,111,5.04,5.36,3,No,7,4,0,No
CLG0039,109,9.17,9.38,5,No,4,10,4,Yes
CLG0084,85,5.44,5.6,9,No,8,5,1,No
CLG0052,116,8.15,7.75,2,Yes,5,6,2,No
CLG0075,91,7.52,7.29,9,No,1,4,0,No
CLG0071,112,7.63,7.14,3,No,6,1,1,No
CLG0055,105,9.63,9.27,7,Yes,0,8,5,Yes
CLG0031,127,5.16,5.1,1,Yes,9,9,0,No
CLG0050,96,8.87,8.52,1,Yes,0,3,5,No
CLG0008,94,5.26,5.66,8,No,7,10,4,No
CLG0087,99,5.19,5.5,9,Yes,4,4,5,No
CLG0015,95,7.15,6.72,3,No,10,5,3,No
CLG0065,111,5.32,5.07,6,Yes,9,10,2,Yes
CLG0010,75,8.95,9.27,3,No,8,9,5,Yes
CLG0041,84,7.65,7.95,6,No,5,5,5,No
CLG0088,83,5.15,5.6,7,Yes,0,7,1,No
CLG0079,114,5.2,5.7,5,Yes,5,3,0,No
CLG0048,125,8.06,8.54,3,No,0,1,0,No
CLG0021,98,9.03,8.94,8,No,4,6,1,No
CLG0086,97,7.19,6.94,5,No,2,10,2,No
CLG0024,101,7.77,8.03,1,No,9,1,5,No
CLG0074,117,9,8.8,9,No,9,6,2,Yes
CLG0023,86,8.05,8.36,3,No,8,8,5,Yes
CLG0080,103,6.12,6.15,2,Yes,0,9,0,No
CLG0069,114,8.07,8.36,3,No,5,8,2,Yes
CLG0033,107,8.14,7.92,7,No,2,5,5,No
CLG0036,102,8.67,8.68,10,Yes,8,7,3,No
CLG0025,115,8.1,8.16,8,No,1,6,4,Yes
CLG0058,59,9.85,10.29,2,No,10,9,4,Yes
CLG0090,110,5.99,5.76,7,No,6,4,3,No
CLG0066,90,9.76,10.2,5,Yes,8,8,2,Yes
CLG0098,72,7.69,7.99,9,Yes,2,9,5,No
CLG0031,107,8.36,8.59,7,Yes,2,7,0,No
CLG0044,120,5.5,5.79,1,No,2,7,2,No
CLG0063,97,6.9,7.01,1,Yes,0,2,1,No
CLG0045,114,8.85,8.59,6,Yes,8,9,1,Yes
CLG0083,124,8.53,8.22,9,Yes,8,5,2,Yes
CLG0082,119,5.2,5.57,1,No,5,10,3,Yes
CLG0050,124,7.73,7.96,3,No,8,3,1,No
CLG0067,111,5.44,5.15,5,No,8,4,5,No
CLG0071,101,9.98,10.1,4,No,0,10,4,Yes
CLG0087,75,9.49,9.44,1,No,2,2,0,No
CLG0001,96,5.11,4.77,10,No,2,3,3,No
CLG0071,87,9.29,9.32,4,No,0,6,1,No
CLG0086,132,9.6,9.38,4,No,5,1,0,No
CLG0067,97,6.77,6.37,10,No,3,2,5,No
CLG0083,101,8.6,8.57,4,No,7,4,4,No
CLG0094,108,7.21,7.3,3,No,5,1,1,No
CLG0009,100,8.28,7.83,7,Yes,3,6,1,No
CLG0099,125,6.7,6.6,1,No,4,4,0,No
CLG0035,90,6.61,6.37,2,Yes,1,2,0,No
CLG0013,102,7.12,6.65,1,Yes,9,10,2,No
CLG0026,88,5.73,5.36,4,Yes,0,4,1,No
CLG0045,80,9.16,8.8,5,No,6,8,4,Yes
CLG0051,90,6.74,6.42,10,Yes,9,6,0,No
CLG0092,99,7,7.3,5,Yes,2,1,3,No
CLG0025,93,9.47,9.41,2,Yes,2,5,1,No
CLG0056,89,7.48,7.13,3,Yes,5,6,3,No
CLG0039,78,7.72,7.32,4,No,2,4,1,No
CLG0003,98,9.78,9.58,10,No,6,4,0,No
CLG0075,77,9.43,9.73,6,No,6,3,2,No
CLG0094,111,5.85,5.71,6,No,4,10,1,No
CLG0053,101,7.37,7.03,2,No,0,10,5,No
CLG0033,78,9.86,9.76,2,No,8,6,0,No
CLG0062,95,6.86,6.92,9,Yes,1,9,0,No
CLG0098,88,6.86,6.39,2,No,3,7,0,No
CLG0067,104,5.98,6.11,2,No,9,9,3,No
CLG0069,120,5.57,5.47,3,No,9,6,0,No
CLG0095,71,8.7,8.21,9,No,1,2,3,No
CLG0004,101,8.85,9.02,6,No,0,6,4,No
CLG0072,97,9.85,10.06,6,No,0,7,5,No
CLG0059,110,8.87,9,10,Yes,0,2,5,No
CLG0017,103,6.22,6.06,5,No,6,1,5,No
CLG0022,88,5.2,5.23,7,Yes,10,6,2,No
CLG0038,95,9.93,9.82,4,No,8,8,5,Yes
CLG0088,88,6.7,6.9,10,No,0,6,0,No
CLG0031,116,6.56,6.64,10,No,9,8,4,Yes
CLG0049,100,9.53,9.11,3,Yes,5,6,0,No
CLG0052,128,7.93,8.07,7,No,10,6,4,Yes
CLG0089,99,6.07,6.26,10,No,4,8,5,No
CLG0038,89,9.45,9.32,1,Yes,2,3,0,No
CLG0096,77,9.97,10.35,6,Yes,1,3,2,No
CLG0049,72,5.43,5.77,2,Yes,1,6,0,No
CLG0090,76,9.31,8.99,2,No,1,4,3,No
CLG0100,104,6.95,7.35,8,Yes,6,7,0,No
CLG0027,107,7.62,7.56,3,No,3,7,1,No
CLG0023,76,9.57,9.79,9,No,6,9,3,Yes
CLG0084,113,9.87,10.18,4,No,9,2,4,Yes
CLG0027,92,6.31,6.32,6,No,0,2,5,No
CLG0081,102,6.06,5.96,1,No,9,6,5,No
CLG0014,124,5.4,5.82,10,Yes,3,9,0,No
CLG0003,113,7.81,7.54,10,Yes,8,7,5,No
CLG0027,95,5.07,4.83,3,Yes,6,6,5,No
CLG0062,86,7.06,6.92,4,Yes,9,5,5,No
CLG0014,67,5.37,5.73,5,No,5,8,0,No
CLG0092,89,7.03,7.47,1,No,6,2,0,No
CLG0044,96,5.2,4.92,4,No,1,3,1,No
CLG0025,85,9.18,9.54,5,No,0,6,2,No
CLG0061,98,6.05,5.81,4,Yes,9,1,2,No
CLG0075,101,6.64,7.11,10,No,8,8,3,No
CLG0052,96,9.35,9.45,10,No,1,9,3,Yes
CLG0012,90,8.73,8.24,7,No,1,2,1,No
CLG0097,102,6.1,5.63,8,Yes,2,9,5,No
CLG0084,106,5.36,5.01,8,No,2,5,1,No
CLG0034,83,8.58,8.27,3,No,2,8,1,No
CLG0023,121,6.95,7.22,5,No,3,1,4,No
CLG0019,98,8.83,8.55,10,Yes,10,1,5,No
CLG0100,100,7.23,7.7,8,No,0,4,5,No
CLG0001,110,6.73,6.87,7,Yes,10,1,1,No
CLG0074,103,7.26,7.45,9,Yes,0,1,1,No
CLG0065,114,8.74,8.46,10,No,3,5,1,No
CLG0005,104,9.51,9.9,7,No,0,2,1,No
CLG0057,90,5.25,5.42,2,No,3,4,5,No
CLG0022,105,7.62,7.98,4,No,1,8,2,No
CLG0043,82,5.16,5.62,8,No,6,6,0,No
CLG0002,101,7.34,6.97,9,Yes,5,2,0,No
CLG0073,99,9.43,9.03,7,No,1,3,2,No
CLG0007,96,6.81,7.11,5,No,1,2,1,No
CLG0021,98,9.66,10.03,1,Yes,0,4,5,No
CLG0071,71,8.15,8.23,9,No,3,5,4,No
CLG0059,91,9.67,9.54,6,Yes,1,9,4,Yes
CLG0009,101,8.79,8.94,2,No,4,7,3,No
CLG0040,102,5.52,5.33,10,Yes,3,8,0,No
CLG0073,84,6.16,5.9,10,No,0,7,3,No
CLG0049,118,6.97,6.96,2,No,4,10,1,No
CLG0012,87,5.85,5.57,10,Yes,4,8,3,No
CLG0100,114,7.47,7.45,1,No,4,5,1,No
CLG0073,106,7.36,7.82,4,Yes,1,3,3,No
CLG0010,90,9.78,10.12,10,No,3,7,2,No
CLG0074,126,7.17,7.61,2,No,4,1,5,No
CLG0017,82,8.93,9.24,10,Yes,10,3,1,No
CLG0004,113,9.71,9.56,9,No,10,7,4,Yes
CLG0064,115,9.38,9.69,2,No,5,4,1,No
CLG0016,89,6.04,6.46,9,No,6,7,4,No
CLG0049,120,7.48,7.93,1,No,9,10,5,Yes
CLG0100,96,6.74,6.92,7,No,10,10,4,No
CLG0027,104,7,6.71,6,No,2,6,3,No
CLG0006,103,6.8,6.34,6,No,2,4,0,No
CLG0009,97,9.13,8.78,2,No,9,7,0,No
CLG0058,112,7.26,7.73,1,Yes,1,8,0,No
CLG0032,111,7.62,7.58,10,No,8,8,4,Yes
CLG0038,73,9.91,10.26,8,Yes,0,7,0,No
CLG0030,119,5.3,5.27,8,Yes,2,2,1,No
CLG0078,75,7.44,7.6,2,No,2,8,1,No
CLG0045,115,8.87,8.39,4,Yes,7,5,5,Yes
CLG0029,116,5.76,5.51,4,Yes,5,9,1,No
CLG0092,83,8.06,8,2,Yes,2,6,5,No
CLG0022,93,6.2,6.33,9,No,0,4,4,No
CLG0031,83,9.34,9.01,4,Yes,2,9,4,Yes
CLG0081,96,6.64,6.9,4,Yes,3,1,0,No
CLG0017,95,6.65,6.51,4,No,0,4,5,No
CLG0054,111,7.99,8.31,5,No,2,5,3,Yes
CLG0079,119,5.92,5.52,10,No,3,4,4,No
CLG0047,120,6.42,6.6,8,No,6,9,2,Yes
CLG0032,91,7.08,6.87,4,No,3,1,1,No
CLG0028,96,6.77,7.07,3,No,0,3,1,No
CLG0011,74,7.62,7.52,1,Yes,8,9,0,No
CLG0039,87,8,8.17,2,No,5,7,3,No
CLG0017,114,7.83,8.26,4,No,8,5,1,No
CLG0076,124,8.27,7.79,9,Yes,6,6,4,No
CLG0039,81,6.54,6.05,1,No,3,4,3,No
CLG0073,91,5.63,5.9,6,No,0,5,1,No
CLG0025,99,8.8,8.95,6,No,6,8,0,No
CLG0026,104,9.25,9.04,10,No,8,5,0,No
CLG0068,87,6.29,6.28,3,Yes,5,10,0,No
CLG0062,106,7.04,6.58,10,No,0,2,4,No
CLG0019,92,7.49,7.18,9,No,8,8,0,No
CLG0013,99,7.67,7.59,10,No,6,3,2,No
CLG0029,108,8.3,8.63,3,No,0,5,4,No
CLG0054,100,5.21,5.19,1,Yes,3,6,2,No
CLG0073,93,8.61,8.7,2,No,4,1,0,No
CLG0042,98,5.31,5.68,4,Yes,1,3,3,No
CLG0062,98,7.34,7.15,4,No,2,1,4,No
CLG0071,94,9.14,9.34,2,No,1,7,2,No
CLG0071,96,7.26,7.62,10,Yes,3,2,4,No
CLG0021,123,5.75,5.45,6,Yes,6,10,2,Yes
CLG0009,108,9.93,9.79,6,Yes,4,7,5,No
CLG0045,95,9.45,9.93,3,No,6,3,4,No
CLG0027,110,8.86,9.34,1,Yes,0,3,1,No
CLG0048,94,7.06,6.78,10,No,2,1,2,No
CLG0085,117,5.92,5.49,9,No,1,7,2,No
CLG0069,105,9.71,9.48,4,No,0,8,4,Yes
CLG0005,98,7.66,7.56,9,Yes,4,4,3,No
CLG0072,106,9.26,9.2,5,No,2,9,1,No
CLG0015,76,6.71,6.83,7,No,7,4,2,No
CLG0077,83,6.68,7.08,3,Yes,4,10,0,No
CLG0097,82,9.93,9.76,3,No,4,5,0,No
CLG0044,102,7.61,7.96,8,No,6,6,5,No
CLG0047,125,5.7,5.29,1,No,7,9,4,Yes
CLG0032,133,6.1,5.64,8,No,0,9,3,Yes
CLG0036,109,7.41,7.41,8,No,4,8,1,No
CLG0049,107,5.21,4.77,3,Yes,8,10,2,No
CLG0053,72,7.31,7.2,1,No,10,2,0,No
CLG0023,91,7.09,7.49,9,Yes,8,10,2,No
CLG0034,88,8.9,8.64,4,Yes,6,10,0,No
CLG0018,90,6.77,6.98,7,Yes,3,1,4,No
CLG0012,97,9.91,9.71,9,No,1,2,4,No
CLG0087,92,5.9,5.44,3,Yes,4,6,2,No
CLG0002,70,7.95,8.01,5,Yes,3,7,4,No
CLG0027,111,5.45,5.78,10,Yes,0,6,1,No
CLG0050,83,8.67,8.58,3,No,6,1,5,No
CLG0031,103,9.97,10.09,5,No,2,1,4,No
CLG0048,131,9.1,9.5,2,No,5,1,1,No
CLG0086,86,7.78,8.07,4,No,4,1,4,No
CLG0069,62,7.42,7.11,2,Yes,3,10,2,No
CLG0017,95,9.18,9.41,3,Yes,2,10,1,No
CLG0043,116,9.68,9.68,5,Yes,8,1,5,Yes
CLG0071,129,9.95,10.2,9,Yes,4,2,5,Yes
CLG0018,81,6.98,6.97,3,No,9,2,5,No
CLG0066,107,9.95,9.58,10,No,6,4,3,No
CLG0031,93,5.78,5.85,6,Yes,3,3,5,No
CLG0063,98,6.27,6.26,4,Yes,0,4,2,No
CLG0028,139,5.45,5.47,4,Yes,1,5,1,No
CLG0067,77,6.36,6.74,10,No,9,4,0,No
CLG0009,103,8.84,9.23,10,Yes,4,3,5,No
CLG0097,107,9.26,9.21,5,No,7,3,0,No
CLG0028,116,8.89,8.85,7,Yes,7,4,3,Yes
CLG0092,101,8.16,8.18,4,No,7,6,0,No
CLG0018,104,7.57,7.59,8,No,8,7,2,No
CLG0015,94,8.54,8.99,9,Yes,1,4,5,No
CLG0075,104,6.95,7.1,9,No,3,8,1,No
CLG0089,94,9.21,8.99,9,No,10,6,5,No
CLG0005,109,8.39,8.42,2,No,9,5,2,No
CLG0041,94,8.49,8.62,3,No,5,8,4,Yes
CLG0091,105,7.68,7.82,5,No,5,6,4,No
CLG0076,99,9.43,9.52,1,No,4,1,0,No
CLG0074,116,6.26,5.94,4,No,1,1,3,No
CLG0073,99,6.91,6.44,5,No,7,10,3,No
CLG0066,73,8.89,8.73,9,Yes,0,10,5,Yes
CLG0073,118,7.46,7.39,8,No,0,6,4,No
CLG0051,86,9.45,9.01,1,No,0,8,3,Yes
CLG0016,90,6.73,7.04,3,No,8,9,3,No
CLG0065,91,6.85,6.69,3,Yes,4,4,0,No
CLG0085,120,9.44,9.85,6,Yes,1,7,5,Yes
CLG0057,67,7.32,6.97,4,No,10,9,2,No
CLG0037,147,7.58,7.14,4,No,0,8,2,Yes
